id,ds,max_vel,beta,err_x,err_v
0,12.929211970368746,33.76164881878657,1.6660577480943104,1353.4863842400741,13.45167233992376
1,13.255082586164066,13.319165242318277,1.3698164004425069,13737.639063203216,12.334140680798853
2,14.393387421177682,21.71155229118196,1.7824632664682563,8806.413440802487,12.538769926475135
3,17.025446338634932,19.341166713830766,1.6236765321221156,12742.356084756082,12.797714524474907
4,16.915835130926506,30.23692109227787,1.687348980902881,6432.391810806699,12.058590977728167
5,14.635023422026968,21.803257415075105,1.6328129907908082,7532.438608647184,12.443238628119943
6,15.232487099507342,28.172895723538304,1.5748376894986755,3909.660991502283,11.411140893026383
7,12.382296367879107,25.435128675737612,1.5436311937335885,1137.8772335912795,10.940419722628764
8,16.859416373165722,21.88464384949264,1.4131514605852113,8034.086037854156,12.531796761962273
9,16.482496128748853,35.12773650965262,1.7707288850717484,4600.423631870328,11.3190937093802
10,17.16768412095807,13.474516110216378,1.5781387998113592,20046.142556566436,13.234218792694525
11,17.692360534938576,20.93730378300293,1.5340561667580754,11215.618464907924,12.793127038899609
12,12.517758808751555,32.24457370904301,1.43216613251019,3578.1483975045185,13.46158818684036
13,17.8924084331453,29.082240323717865,1.6885117291632283,8274.389942053516,12.616410328855837
14,16.84711588304507,25.14920397568722,1.4755421203262835,6510.4897514361255,12.572579005294825
15,12.38910925737311,14.443543724992907,1.3801062071843786,10035.600542432763,12.072899012172641
16,16.809624114929758,37.42954851411439,1.7506246922195183,3766.2390904917497,11.130126527730333
17,13.256034477502048,28.49464561915617,1.7052751828338182,2351.872702156686,10.725399927682068
18,13.929606699129286,30.9318126038888,1.3063593588635933,2350.259318413338,9.704732535758108
19,12.727184078096903,35.2588430927231,1.4613348996254936,4608.118048307947,14.990245377358296
20,17.105999109166135,16.15747868706851,1.799172530437494,17759.304715854698,13.094616741569777
21,15.295933813302089,38.320504667512935,1.768395120363906,1266.058574514172,13.414214433451383
22,17.426351544632546,28.28923955482353,1.666725313273312,7812.104686057426,12.60426397198716
23,17.035332952385158,36.564942913209606,1.3038519573426541,1491.7312358049296,8.1879723088065
24,17.381389731452302,16.82514525054198,1.33980608492613,13038.135348615206,12.500659347672519
25,12.945574532738867,24.7902693615953,1.3726094914393925,692.9203209201152,11.063343423816812
26,14.459307711617637,27.724564010285228,1.2313015024007108,892.9258852654622,11.255296289048651
27,13.658394143795675,30.891920195513684,1.403017302525252,1634.2816693279476,9.504481801979098
28,16.620379255193278,33.589797565798804,1.644133156721205,3903.4017511897896,10.995316757744911
29,17.784663098309764,39.408073193442384,1.2726491177304855,2461.046411045653,12.549697436925108
30,14.590444709540458,39.208097391219276,1.4064235391475204,4699.315137222084,15.985405233717831
31,13.256125909315745,22.94067941933197,1.7561054375603127,6002.479468258052,12.230880347154198
32,12.000801501248704,13.206154427842456,1.31766989086551,11557.818126311804,12.107595875594964
33,17.855781744015147,33.2922643214272,1.6905153042227683,6297.663012074245,11.694274731140199
34,17.78196794244613,14.246003210012777,1.2895200035463836,17114.40701028071,12.844385672989633
35,17.530973662837113,14.234603726932779,1.4938303588922488,18560.989073254685,13.055061825686263
36,15.647260454239586,33.88576067261578,1.47016585270805,228.66566763325898,8.606481469757835
37,16.813614952309393,39.21695070270451,1.423071813831557,1571.3735012840489,13.781258117040137
38,16.54349697734535,14.612423031420814,1.6221613162996804,17845.86413557531,12.99103699662412
39,14.516127209951483,35.55344492093527,1.749972602028698,1193.7711643084667,12.477750927269858
40,12.611600489919773,25.655013372226794,1.5094553096086607,1007.0972551519045,10.996803107680257
41,17.112043992209415,18.06387976028903,1.454993266589987,12387.449064932196,12.565234222797155
42,12.544777734222759,29.281070974198993,1.7373333733630811,1169.5979979692058,8.988424790833404
43,16.614772051292952,33.76824936092096,1.5439048745330786,2514.4503634776347,11.033372847443925
44,15.365857330183113,12.859956085979517,1.7733344204804387,20492.467909781302,13.272952578751994
45,15.140850474079013,12.14766610395774,1.278287510362058,18281.23727006241,12.853067538018202
46,12.76818367488042,12.215742587226353,1.7951063819643602,18734.44142822046,12.960481445237328
47,12.305601227709156,17.289549992662966,1.5691891379726284,7365.816251800455,12.169644776114287
48,17.48001006588778,24.62298537042806,1.4999753289190005,7917.118814150237,12.599897930260072
50,16.308277773133682,12.085900726495126,1.3223577379373224,20042.676263831385,13.108482647786872
51,16.975345444920578,24.525630137913986,1.7118218424864446,9850.811975810078,12.72142166255657
52,17.322486356456437,27.961210192448817,1.7313713225383038,8649.241913129874,12.689206936959792
53,17.352834664543394,24.11869729970988,1.2610830607225483,5203.755616126891,12.232972816038968
54,14.623021911299862,35.90741057714939,1.489292432299448,1978.3901246306773,13.90721481519227
55,12.551225428736064,24.105822817680192,1.4562974668896578,1285.6291227694605,11.232594977405151
56,16.798829454567052,38.62887260594354,1.4559490698623248,863.4322266695231,12.3032291002499
57,16.54069155111863,13.71437343777248,1.214654307847648,16007.756174218985,12.643652848534714
58,12.71795481409648,35.69694878755044,1.3934882133912347,5546.690897000335,15.423817465470458
59,12.051741927789255,33.51682028150357,1.322190036281934,5948.7846180855,15.060569219516122
60,17.940226790536702,28.48032030911852,1.2560565781793094,3121.2117119663876,12.041182966022363
61,17.547736823361497,16.045252364301366,1.4184145134441009,15125.861726167323,12.725145608243889
62,12.80035680539314,38.771747973871655,1.701800655496209,3761.951174514447,16.224219201498055
63,15.342876936719453,39.43710326842297,1.5305230687363907,2276.4918371497465,15.365254993667499
64,17.502405606416023,39.29400778424364,1.491133602125266,317.38276311043603,10.44432474317448
65,13.456715575766678,29.929566281113985,1.5966766475829595,713.8406504688867,8.518949805586056
66,16.9528090682355,28.332559709484812,1.2321106040254048,1830.4242057255265,11.65851324440623
67,14.934872083462366,37.1694664252204,1.47588929826232,2371.5291994464346,14.34417910190246
68,16.756872100862797,15.91985012693342,1.5542067828759096,15588.717304683294,12.79611038454942
69,17.808917343800644,34.20896206911719,1.6662281913583517,5517.944505661341,11.250032243788192
70,12.355896557945881,31.863770909521413,1.3970897473735342,3944.923555198588,13.390613246242081
71,13.883085296612805,22.992031542448522,1.5458845898441447,4723.700512942894,12.121700168121748
72,12.701421895938122,35.04024767060067,1.6955356927780363,2055.089026787684,14.601840200230512
73,13.690414159094718,32.87182981412996,1.5907646289283945,571.6032589392856,11.893187922589533
74,12.946251950462681,23.13230730923987,1.4071946772480979,1924.855704475321,11.784905364095726
75,16.877241792592457,19.90650882069477,1.6935863984917785,12771.003996162595,12.855278004387465
76,16.525276724973892,17.275392589252593,1.3358002120159853,11307.874695415525,12.37231736407707
77,13.24688887589007,35.75541722026904,1.256169054567447,6274.313539552654,15.524042872306367
78,17.166106383505806,33.49074148858389,1.2441684947777731,579.6141909221631,11.382607360263734
79,16.960344223792198,33.30227879102388,1.4796724902112675,2367.996930958986,11.0939274589926
80,13.221245868018629,30.824297560801735,1.2783658966649247,3458.8770331134306,12.147495786828795
81,13.015403045007652,13.969087133495409,1.5110186727861454,13149.549612150095,12.331209272072291
82,17.241048642297265,20.445217905222815,1.2872686931525983,8288.325425500232,12.546038881727487
83,15.79733617773988,22.302477921845313,1.6307440901013177,8786.42990100917,12.54576994703377
84,14.835265583999085,17.98410314471228,1.393067255328033,8764.221671802332,12.328189468773505
85,13.359049285564565,23.23048457967988,1.4205601959229095,2535.759169401071,11.84453376636941
86,16.05883813862662,36.14440386549758,1.261834520382947,2968.492929569634,13.774752021216047
87,16.358037885133136,12.314206051945675,1.3547906927128834,19855.23375117195,13.09793171488354
88,17.49088219651571,15.647097027245392,1.746679593189551,18408.233544923496,13.139839704897978
89,14.420882628836708,27.723736829889056,1.2819800943982198,497.4821003165961,11.273925966432758
90,17.51432159124455,16.515355791338777,1.3241979500197845,13470.94670116473,12.52061135661074
91,15.279449116592746,14.634849398293943,1.573009484768847,15802.197418865877,12.731080506343005
92,16.83129166887724,25.678005902071305,1.7895419419278649,9905.925351803267,12.795843571232256
93,14.039690386348363,26.423885800322793,1.269236350959786,496.19481359492545,11.363871467741543
94,17.66620091248325,30.29402396799916,1.3159148305068662,2598.618368160706,11.525923161175557
95,15.132395371207132,21.236979687611836,1.3505962573259902,5616.91267610982,12.176443301780186
96,13.703322996320761,17.656398806957235,1.3388617003574785,6950.095028233316,12.12402996196349
97,17.37475331339794,22.11944892161004,1.7085593714480694,11868.886107176872,12.8667158253752
98,16.861386513776587,36.84692293183883,1.7763894717414082,4440.466237889426,11.722490751392403
99,15.971812521147822,36.41848509388086,1.2618546053035011,3214.7453673012665,14.14301142452391
100,12.891750838681443,33.89152465182404,1.3437972401590972,4840.349202523513,14.534509835070445
101,16.621486284872,20.16004889338608,1.3914859837267157,8951.625726635924,12.584291849417378
102,15.840547707460956,22.843775253825978,1.5502350054598146,7575.874979825749,12.476136788356552
103,13.737713969250784,35.2829348474427,1.444155394238525,3377.208294028498,14.673044780291685
104,17.163346724885187,38.678435396537104,1.4821831940022003,212.55463176554144,10.484858199601655
105,12.202333635531891,27.714343922739147,1.2313396554849394,3470.398767450226,11.521832352238999
106,16.153674531437343,20.063067516684207,1.7032664787078877,11766.724251461761,12.787969706490394
107,14.414099684673971,33.83417974603874,1.7579752065366634,1963.2442713015676,9.555518179559277
108,14.278821411817793,14.03096825189603,1.4597328869773147,14530.160714093316,12.488920352326835
109,14.399164754475414,31.8283411929657,1.6128636404174639,1255.929683614563,8.448889231250108
110,15.965190277462703,36.12368413966375,1.2098061839094894,3695.397922590159,14.101357388839094
111,15.14227217621933,27.82671684071404,1.40665185669359,2033.505262243248,11.373660805459274
112,13.881297501811932,30.523108819732165,1.3209616508384472,2037.2194789332011,8.989773603901567
113,15.524716641634376,35.18450570828298,1.4948239679642112,316.163925957011,8.865845302308724
114,12.180963322645505,18.20655154382942,1.3920970757740163,4556.166254951173,11.906608186195022
115,16.42324310801667,35.09472077390626,1.4549682408604352,465.31625656698645,10.084152581667444
116,12.285778120614115,29.56392181912243,1.3303636898893625,3449.964728848931,12.048208020522944
117,12.091634709195482,35.210442089861345,1.4006346306398731,6074.839456940402,15.637567377119726
118,14.146063428483513,14.862281781593563,1.566401048249199,13715.487631757605,12.463886359231246
119,15.871826581682104,21.834559484566327,1.2940353996266198,5470.53884498031,12.169160993731909
120,15.81807647144496,33.67263281098113,1.6590113961625403,2940.1909623052443,11.149706135223045
121,14.887588640621015,30.92374850237279,1.5810798482043134,2049.869460378315,11.158897501417881
122,14.806583346847344,24.06225547741392,1.2868468111149147,2476.631214628334,11.941689727089011
123,15.884072959570315,32.866471627306794,1.2671912890150892,1436.4998953156783,10.096193395979924
124,15.140393255463877,34.68769912205333,1.727264277187678,2290.0826229861673,7.820783852956675
125,12.50914948065343,28.292667696208916,1.5850576395304805,199.85798074107777,9.394063681300043
126,12.064064196291588,18.05312258809555,1.7081091214743798,7406.619883545097,12.267683480172723
127,15.988086129188229,26.383334894266998,1.7629768327904118,8069.882790091567,12.568975916739847
128,16.33787745405609,36.79494048678026,1.6056060843390383,1465.9904415925644,9.376106931140274
129,16.282326223070392,27.895489656721107,1.2841833370438778,1937.252936335609,11.557812581880173
130,13.228647526110233,21.33544141233312,1.6908304419511566,6366.935830493332,12.321697559016679
131,13.173411743934798,16.883583638767924,1.3925674951454539,7588.9178364422005,12.095758580129457
132,12.810594342149605,27.83192867027282,1.4518800764693778,653.9053269109496,9.542031730733797
133,16.77012432515515,25.34403503650129,1.2992224086683366,4173.919243879196,12.284833454122701
134,16.56408813119849,16.61495773678434,1.787012888025664,16476.592536709337,12.972106702565311
135,14.6034762106605,35.629616435024545,1.5661956193573083,966.7385597610983,13.27093015498575
136,16.155072405424043,27.521363725287983,1.3690482339637442,2990.3869273412092,11.692454695624017
137,13.173239860918361,19.48128272020886,1.2655460190396173,3586.4743013983248,11.867751805102653
138,16.72714947208518,28.008751000582645,1.6025716862514277,6266.929695918409,12.269383130096422
139,13.747568742588733,27.659399215212506,1.6149151787455005,2546.774240405041,11.321218349615894
140,14.365518927216653,39.03798004902919,1.3129649939741115,5978.074379703947,16.35901657374379
141,13.427283251052343,20.566428537874323,1.5453548733119995,5783.507475881802,12.209631550294985
142,13.139950174736246,33.2966768845412,1.7446118667003747,215.93169684905206,12.506036630994734
143,13.214903216936905,31.40783407216474,1.712176580806394,824.1800909663602,10.177987138497508
144,12.89433178286063,26.695971680490366,1.3892056016163417,613.3496004404413,10.309697185065472
145,17.138124592701043,12.941165275167123,1.7003941916808532,21630.540951907562,13.456746088270217
146,16.061886511365074,37.01347518203212,1.765368036844425,3030.429407508965,10.370629123264079
147,17.869170001464333,29.81752742282636,1.6940497835307906,7954.299974457575,12.411144486623382
148,13.475818989582406,17.485870103643457,1.7456326673827567,10669.858286790035,12.469702725173585
149,15.463563830551164,13.672444465064206,1.6517294843040746,18357.317868968636,13.005583506761093
150,14.989538089561009,37.219685149045844,1.7262952905613633,806.6579636942057,12.933482263069974
151,12.993824178923408,22.272882141986614,1.4137901947295999,2593.6837185595864,11.83540808905901
152,14.2867866958559,13.719369599429148,1.4989436469593642,15501.536737990398,12.611255652296226
153,12.644311366764448,12.616003786099075,1.3702314551009553,14477.039378330008,12.364597247870822
154,14.412859449249304,22.89304783282904,1.2193995082760056,2076.927907313753,11.905647494606185
155,17.816013912258924,32.143403947264204,1.7868825364845713,8012.362162703962,12.05914777408001
156,16.35177516839076,29.43662494956896,1.2871668072270936,1232.1138158449353,11.307316267492656
157,12.885173406437243,38.34512543203234,1.7257251175657102,3136.5463486245967,15.874443211894777
158,15.002792859705275,16.945972429816052,1.3836514858887534,10140.404181167127,12.2676410717397
159,14.056697303945818,21.7144108742243,1.383603054829605,4146.673135385066,12.037992441360121
160,15.415612313311039,33.01347366886115,1.5275399391761915,1069.7305231198975,10.399438668335824
161,15.116617667555108,20.29645843152422,1.4658410131812722,7632.562227330747,12.404070297947381
162,15.564965915653893,15.067009550704075,1.4038178965279793,13946.763969031555,12.485246780330812
163,12.896449786732905,34.83256043690248,1.3805737009529004,4963.294380731295,15.03624621274665
164,17.797625429069544,12.639495245202705,1.293241168820339,20172.689397004953,13.165163346790814
165,16.139193598082944,34.02269593831669,1.216699631596795,2325.9562303048815,7.871622010880763
166,16.840448805794185,32.34090762563615,1.5551250926795874,3664.0940253441627,11.265674719275099
167,16.64999489796415,38.28355006262385,1.464382881435437,767.098877528976,12.350232877605773
168,15.938905136334196,35.291671403875235,1.4601470926005575,243.40160927032838,6.5591623805464465
169,15.558865311468658,22.01186272049994,1.5536364798484328,7818.9093236080835,12.46218666575118
170,14.56620715945714,24.31146053435728,1.6004133827164817,5439.926234825968,12.24222366038212
171,12.065211856037406,20.795800600007574,1.6136509289411836,4189.853908656934,11.974823311964691
172,17.91752203618485,23.35863299168717,1.7886938180085434,12643.666490067837,12.91917712593884
173,17.192010888348577,23.923894327436482,1.7968170698632984,11467.464023353412,12.77752689063543
174,12.18850260939157,39.87716894826208,1.6859379730924644,5484.4029493160415,17.234324386412887
175,13.009657747022567,32.720621410944425,1.5317834208506222,2109.6089342140626,13.006264856709384
176,15.713681115334992,36.3345395844412,1.4126381765740974,1652.5828765302253,13.162802948180778
177,15.928925329381503,25.426079309893236,1.275914298680067,2857.357993792866,12.055762036115055
178,15.34556505758778,19.12650170979796,1.6959994887297904,11392.003073389335,12.688331131427601
179,16.912430781748316,13.223860410196458,1.453202771907379,19365.197058072004,13.098617030591782
180,13.619644449695873,22.59328736135705,1.7228220302955861,6445.241235447523,12.338274990516307
181,17.033841735836138,21.235947886546057,1.6905499410322788,11870.044431130415,12.849032551596396
182,17.615233725263266,25.32956908001967,1.4075736868627395,6507.335962375708,12.536909902076236
183,16.99394916698663,38.24682618610736,1.7323504784413606,3381.593386084639,10.892850333342157
184,14.946488966384901,25.508722775277096,1.6298344637614806,5587.973387429204,12.236786186513617
185,12.699106277230134,25.1590539803634,1.4588800241009958,921.5210606972404,11.167764402165774
186,14.603654937275682,13.977127935565248,1.4522097079229128,15041.196169001327,12.557823275539269
187,15.786026365376028,27.222682497892876,1.4035094358552584,3115.438644145857,11.657487539385814
188,16.224054694230723,27.605561185735112,1.2433540014885147,1564.2380666580714,11.519618828870442
189,13.027624491933587,26.45540099506414,1.4480510591107563,564.2471213380566,10.847763927150588
190,12.023526565062815,23.11921828223045,1.2317771807240092,1271.8816016869055,11.178262931220303
191,16.611232843286462,17.993357346934065,1.2480570167957175,9606.61232317582,12.310238701176427
192,14.894705985288653,37.6392052444821,1.4772907596344949,2651.1138020184912,14.673046841356289
193,15.081796341068276,25.64327647756756,1.2169240531899645,1132.469267063777,11.630750952389025
194,15.622362092961152,17.5958711770702,1.3349449453891236,9700.042757963647,12.300778614894627
195,13.554787779859303,29.536193160408438,1.4185276251477508,898.6787615462134,9.340431458586924
196,16.741314663281194,18.059918975067355,1.7995103287001433,15307.56752579299,12.949895975771382
197,15.53159699765415,17.434278668342653,1.3966770553094878,10407.746498631363,12.34306665476588
198,15.092431340482468,22.43412880383047,1.7205218167943945,8690.993415790932,12.554497146794738
199,14.822530906741934,20.21890300735405,1.3661297674574489,6236.186281415176,12.219323449305204
200,12.441417863814173,15.21247564195196,1.671982451393219,11268.335297101154,12.262589787826004
201,17.04742699204603,24.872300161769584,1.4361505057013328,6457.741267392536,12.518725800832742
202,12.231439983176204,14.743454188706659,1.6225973900474386,11284.245751953134,12.22862883611845
203,16.269081505091396,17.413644514947542,1.4243728992953544,11719.20064202483,12.436426645415022
204,17.191410417275698,39.474049164708234,1.3518791257739953,2155.853858117711,13.88215644331216
206,14.58094834336967,19.115097871423597,1.516906843815284,8492.87096522051,12.458263254275089
207,16.140658074272352,31.52232883915734,1.7002972723526888,4978.633725582509,11.249991479179775
208,15.688327430465954,13.265649064951647,1.7537815168462103,20008.661135754788,13.226549765666974
209,15.796830994451039,12.51783185400944,1.76864696441033,21498.21715223481,13.411484351925628
210,12.631045842381825,20.34255119632729,1.7191326943323841,6421.697236517642,12.269277575306717
211,13.581949426358937,12.17501016598036,1.6934386455248203,19265.941621853064,13.027870189771628
212,17.207974776828703,26.123194725233365,1.2733658710057738,3886.592526119209,12.287304949443767
213,14.92234127338578,21.79454621551737,1.3433608567186337,4818.079990832863,12.096773483111745
214,14.955681046073842,17.91034272759395,1.4332259279459674,9426.042985990247,12.365431712391057
215,17.198797965373586,22.2642217466406,1.6565073604089873,10957.847354345655,12.781947780196008
217,16.35359491917239,16.841472533105584,1.4241032553271968,12548.452423935873,12.465031538624066
218,13.444779041889829,21.427248586012364,1.78274106040233,7555.378612188911,12.445311496813199
219,17.45343768284901,35.07523510594517,1.4860500207693637,2211.858832709374,10.838376729503587
220,17.55431993639783,29.187386992220894,1.527963374021387,5753.437883789371,12.185431336351146
221,17.29116072913517,24.39012456473501,1.6718612335004601,9873.500867857381,12.700641226340837
222,16.343288430190327,31.83937941572364,1.5774912809501729,3545.806721796678,11.212628621324924
223,13.296848677519687,24.019812970429122,1.5203541609866984,2981.6749471651788,11.787188689138254
224,13.246598812578242,18.42462205615998,1.584413491035416,7826.449522620176,12.327616566909128
225,14.099422811722423,18.81407609486466,1.2150299556987514,5017.902539788208,11.947075088547612
226,16.496300496496605,37.91288953006743,1.7542231268609345,3092.785591773647,11.148998177946805
227,15.512827395788834,19.17484623127767,1.6795542261197909,11420.1938404404,12.690637407915707
228,14.410271575571457,39.14002190939478,1.5900507606576466,2752.9784213651765,15.564167969709585
229,12.174954724711728,34.90338126914728,1.5465570906704635,4336.608372863064,15.021881016732937
230,14.519783375353335,22.320075253456416,1.4849463325761945,5424.401535676621,12.24114111099065
231,12.08738760387839,32.983092605114464,1.3480201825199947,5375.264394922705,14.509270954273832
232,13.076310147994228,36.519580868666374,1.364398467428322,5801.532391218463,15.663268849432159
233,15.921905710104161,33.08418121840502,1.5095650551656417,1489.5257391034684,11.162120755970252
234,16.148018457168284,23.934712081860106,1.229125099835221,3543.230515762301,12.138737789702812
235,16.559706969149914,25.1368650078114,1.658659392183481,8322.234822637873,12.714378293584407
236,14.942604525019744,32.127593517662184,1.4332839233664996,270.4194004583209,8.952872776138573
237,12.055143716574065,30.87956227648708,1.7364806730389053,479.28364377050355,11.82046742876662
238,17.151296929730673,20.36199164446398,1.575280720878805,11474.359105195172,12.776162412790075
239,12.570041661602778,38.25236483720188,1.5151242897897599,5840.216748593367,16.574613477331898
240,16.75310156675846,30.416445038447083,1.4623769346813076,3325.574434116513,11.165232227711083
241,14.015489383217906,18.461155072315474,1.5569065792866814,8705.204318539994,12.417402733946146
242,15.145431929756995,39.81682683899676,1.7690513068741596,408.9332532641312,14.77559748950674
243,14.162520067537905,29.75464807770887,1.6344739907272472,2237.683402665209,11.17892875116578
244,17.420631368518393,35.454622457053034,1.4376226857322312,1338.7094996624182,11.268618380709619
245,16.80307956671313,18.278690923308744,1.7678771402827511,14885.637686876335,12.920972609039309
246,12.605252986216879,21.222262409538715,1.5080463343461539,3697.7317892849387,11.953297259668977
247,12.378202008778432,24.041480318648123,1.2168792016846235,1457.9612070407777,10.971091567615723
249,16.50518595002043,26.166350928576037,1.6076014756328731,7052.103549823466,12.59971191468013
250,13.678195770048825,39.64185171904065,1.647688689435317,3449.253538909781,16.241892503947877
251,16.02494159399372,34.411044260301225,1.3661547490559969,849.11640971205,6.929144284782373
252,17.541057707983683,17.98852807784637,1.2598471476646032,10908.91039600335,12.39239671349074
253,12.711479026930725,27.791325722205627,1.6426735612166516,1267.4639917167358,9.721666820872603
254,17.257467390538054,14.281029282426276,1.419080256352123,17581.657887420173,12.920201461942131
255,14.671133095162856,32.152697276193564,1.6795808442656959,2279.0891499033305,10.176702931931025
256,15.344887129290846,27.68851089652056,1.3985666515089956,2257.895534617907,11.387714312660467
257,14.806478402453875,19.335760158440145,1.7430289704759963,10884.267585369025,12.667076716532053
259,13.404645432816766,22.075747211503078,1.7455502640931926,6686.136478369582,12.360420095870397
260,17.701987171233295,38.65947297438463,1.34435009219052,1205.3905633635368,10.096846488978867
261,17.511216030261156,13.487770255852903,1.7632637889332694,21456.9642258413,13.47030068392488
262,12.716542016657547,29.83422456157365,1.4073253442912912,2288.0101334790834,11.39470293355726
263,14.422840064559786,24.480595195460246,1.2089478678771137,1032.0139307388051,11.813505539994406
264,12.248623284825618,22.338902657530856,1.5736141083566055,3037.6960846557017,11.793731116931514
265,16.15829750575794,24.533735754888944,1.4700726359732665,5960.665126802914,12.475839685141516
266,15.183099904432613,33.13678147000465,1.2195444009756018,2945.7408278285898,10.079900735414723
267,15.091379832466494,16.085691393109947,1.6083433039301855,13587.312735015475,12.544711733637941
268,14.838551262460136,23.488326367945206,1.4400939460348547,4571.4157423338675,12.170995978054433
269,17.19155662439399,16.167678884133164,1.5128591250020407,15409.803738223372,12.785071236804338
270,14.57058494134603,19.067596924748322,1.3224766699661268,6522.19443595432,12.223791584666575
271,16.5385043031896,17.949292269895246,1.4512987951962382,11732.82441430768,12.501009136950755
272,13.452142972151268,38.145830051612386,1.4749082722616365,4932.630318700695,16.057041232693727
273,15.147051075622937,21.727870242775182,1.5010161813102314,6890.376707538785,12.355833008233134
274,14.510285911598249,18.656509899845297,1.3569144399003261,7213.609557035298,12.277947587494397
275,13.77049968518202,22.83756809024007,1.7291675203496804,6580.6248197399245,12.368290394860715
276,16.792693733510404,15.908911325445219,1.476923017860703,14937.058681587678,12.699640664048195
277,13.477003708538444,20.67455769189923,1.6106816999030042,6429.564955561258,12.302009780909525
278,13.64265954904419,17.239410959254894,1.4955867249844168,8869.515392303745,12.266162960749009
279,15.507695945416382,35.390632334643804,1.3278964467395118,2464.343469771445,13.270687427756735
280,14.432673441364939,34.63379180040674,1.3154597511006885,3559.7224333754734,13.952480879615305
281,17.993598039561533,12.383161401331897,1.5275212971396908,22290.267283419544,13.51610300470201
282,14.061127361260873,17.78082954840388,1.2923614969221617,6863.712493747593,12.11770581407193
283,13.844387389039355,38.132494424981985,1.51323593935757,3952.5819806696845,15.900098915979644
284,14.603600352311732,23.343466261934438,1.6416826590816427,6550.993603725758,12.447602701630574
285,16.72951407746791,18.7191782678839,1.540139045027485,12090.301614021317,12.650111468088364
286,14.526687025029469,34.43301700206318,1.4545187622198763,1755.2567944618895,12.948610203161493
287,14.621926118397926,38.75443238333135,1.3481157548512188,5099.752060153917,15.955087874325569
288,14.135508127220177,21.8929435495633,1.712274169360312,7573.520075703917,12.461975023987392
289,16.574296692888744,12.329830874703683,1.7728693466752303,22527.89985419979,13.568670447566735
290,13.670701078119366,25.355122535245393,1.66030232271775,4204.490263233473,11.35247500128492
291,13.477836334184738,21.7185434782728,1.7460262226380796,7041.406465908975,12.41399313973105
292,17.66995207325448,28.079393035835622,1.4486696634277476,5479.920504888628,12.410970750263045
293,13.75096784465092,34.928972627267605,1.2258696993032638,5511.853622186036,14.98873021268064
294,12.451003693359088,34.95503633545285,1.5087418504723782,4351.28356837428,14.893686512717537
295,17.14101138699948,13.649784387525585,1.6035320650907146,19899.174912833932,13.22619696410264
296,14.556401312784294,12.638710601953031,1.4288047883918344,17622.733121503097,12.811061488752564
297,14.895428072975346,34.42763946940778,1.390805603341427,2000.2661313916244,12.74653380642817
298,13.541526966656273,14.828136434417246,1.217590758115312,9664.545025132313,12.048286664134165
299,14.215120848525657,30.98757817779128,1.2891028890001828,2209.21618475937,8.945803670313577
300,16.44344932449132,37.750884700926946,1.6007222560897745,1066.2025109788033,10.482224012546238
301,15.47690581343651,13.13367752362588,1.60582873145384,19044.540548998877,13.057445335935103
302,16.106129023410553,26.20079311582061,1.765699197955238,8362.880036436913,12.639784690468677
303,13.420335271006552,18.208116570649324,1.2293086810873728,4846.495307510678,11.875475440303783
304,13.853551352989564,26.6441800355031,1.4546809558357352,1545.9789503733205,11.513001516675773
305,17.160392290290858,30.538685300466575,1.6257011563822403,5823.625520048668,11.946044392014416
306,13.384718264522423,25.693099628932984,1.421075271537441,1129.3359342299407,11.437644657030429
307,14.903380540426333,19.531752699749696,1.2291294602415357,5532.922459061951,12.084791566491353
308,12.199751222478318,34.39355062297842,1.3094565028896328,6342.378923302383,15.571714082003508
309,14.923212498496707,17.708148833132384,1.5825470551985537,11093.354480734786,12.473940296746413
310,17.052340819877315,30.361315426593684,1.2862470631944032,1528.4520780613063,11.167034393213742
311,15.888009640897078,24.620880237770486,1.605032496162596,7117.742958334946,12.590021918002268
312,17.853308779640315,19.571061476178468,1.3460806076429068,10544.386997387928,12.611360381340129
313,16.08922068117711,39.287297550985656,1.3821822349289532,3058.005777328318,15.088171113711159
314,15.151739082221825,33.70751379142606,1.7310821162164136,2818.84872743949,8.781084873002545
315,17.376391949278716,18.99526269479432,1.4551837191897883,11739.996996587186,12.634181728418831
316,12.522922204614185,35.80437984323463,1.4228183270905077,5563.846199654669,15.700506044255404
317,16.233062499375986,13.59979348850591,1.523997147086463,18456.3816572833,13.003148590128458
318,12.243751898707359,21.545044596148017,1.747850921960672,5230.427301054726,12.04210674018498
319,16.606919908526432,28.482778732368324,1.222500809431533,1272.1449397837744,11.447705468880894
320,13.841366622648993,29.22043289517901,1.4639898246589849,265.522080745048,10.16391225710631
321,15.991414185591609,28.50679578315406,1.701159463958885,6230.457657591469,12.118935533026123
322,14.320081195211387,32.0573066308481,1.479293694250702,511.49105887327397,6.211099041749916
323,14.112457946528298,36.75732698128577,1.3795113811666788,4380.009629578766,15.042503058750459
324,16.813799615603802,24.955810874875354,1.3741514722388353,5372.343938124527,12.418942096538473
325,16.129055791631878,18.44967894721298,1.247217569345468,8459.893847093173,12.320779589406856
326,17.92900910310771,24.83989926194684,1.3600582128982421,6602.843908133538,12.46948521799546
327,13.255054732837674,39.15809852998244,1.748153496785417,2711.191326379725,16.020005500190234
328,17.709987503501246,25.912436102211444,1.6833363683376155,9650.135935491362,12.791434463132896
329,14.641597373348628,19.067529319093637,1.4518108618551988,7961.017714364833,12.40697838781531
330,14.928167352235159,35.746144306856095,1.5888467879953678,337.8692828784381,12.767811351423058
331,14.911193077326272,15.928195804355397,1.2843541179018572,10454.012796093666,12.199656055067226
332,17.275596576501254,23.094559572271653,1.4780822305244505,8415.873934345886,12.559139998060138
333,17.11465183058003,38.125526238437686,1.268984053211636,2654.3713307069343,13.185782961139376
334,17.257155961212135,36.3708633931374,1.4497884665089733,836.2854400878169,11.228532612746728
335,17.576872259967796,15.807733145676067,1.3670021550591112,15012.641941853795,12.683991647747327
336,14.707027383842247,16.110527700325477,1.359749278798878,10627.304534975603,12.236782896201937
337,12.210651083806553,30.197695138753325,1.663387828696496,614.2695419240071,11.16488002050101
338,12.669314541782592,17.886860307235995,1.5961949513736864,7565.642745762632,12.25579776181933
340,17.47903927856931,35.44034757882303,1.6320848263700478,4029.5112631157363,10.867864016536323
341,14.897334199641481,30.95483738753157,1.3485538568211497,710.2404532443063,10.423123708819212
342,17.190906121414862,38.40906415851476,1.4505185926482236,337.31007904864794,10.070486792681232
344,15.134952868644767,19.712606821054763,1.20652790735657,5420.963324591864,12.074428905515092
345,15.41227682298042,38.93408125628179,1.7020961742385334,371.7554763041634,13.7823849791577
346,15.002758500423859,18.98404183659261,1.459018379641773,8629.542110944676,12.462334009535105
347,16.74165745132271,38.739743931877236,1.5053931197244435,383.64016650098085,12.37605974094411
348,13.422014648019736,34.26299429441641,1.6467033772013187,1075.1344739875449,13.34456322943116
349,15.253590313060727,23.28609038978072,1.7066115952220817,8217.40098689187,12.599380117020564
350,16.538226021279304,23.23200498055609,1.3014707926789484,5335.440438668974,12.213281259598192
351,13.913705223772824,29.18377474778793,1.254315497802894,1995.5735813282595,10.141547258014333
352,16.987183994971417,32.97332818793764,1.2390158076721818,602.1843628788278,11.562140212617582
353,16.146922364848763,16.836411433790676,1.6244817378627194,14226.162729080634,12.694107803957131
354,13.950780285232456,32.21742626761633,1.3803423446672771,2191.9191376202616,11.95078556574972
355,15.725374008490792,34.1737926112769,1.5189254368280585,807.7814635903251,9.087922196207542
356,12.984156711138755,13.810258605076765,1.309817724403329,11699.166371888276,12.162286186638763
357,13.865471228323068,21.663668027360416,1.2739676294363784,2805.008750831533,11.931740620089121
358,14.764661253645844,33.947217412244655,1.2400672253975813,3641.121451254788,13.399872540912865
359,13.846454185827945,32.191484548481554,1.7381098230090903,1676.8891782929923,7.710797877489074
360,15.330384962252522,34.001387130637205,1.660466511482963,2083.867630988771,8.398404607588283
361,12.319798541456517,32.70719013889933,1.5401851378590248,3007.970408097401,13.568155816997066
362,17.14278102734732,38.062356164220645,1.707441852709071,3378.912517365871,11.36746568306595
364,16.4805469785471,12.835719270643171,1.3788132683530945,19103.65118460742,13.024560231057775
365,15.766115401923642,16.43327349450479,1.7684257580080547,15495.581650980295,12.845513457104648
366,16.776098235367996,37.03168174814054,1.2892705326413543,2219.5439972038694,11.771743769378665
367,12.673062240220002,17.66571093466082,1.329442180166992,5301.961566135403,11.897779752074616
368,13.867393760517947,34.41894245972476,1.5347309562784677,1744.9770820617334,13.391461141305683
369,17.95131838914803,17.262046838591772,1.2957715709936415,12700.887501850644,12.492378792952675
370,17.54504952707761,34.86996836750411,1.3307240742283177,341.51914146150125,11.13496992579316
371,15.520791986236233,28.88626757876297,1.3220144008686245,965.5499741967452,11.4265841766484
372,13.501411717049052,14.746837730925726,1.3970011707888526,11412.460895996235,12.215679331903782
373,15.656519683201468,23.667866604179842,1.208265446239072,2911.667329695585,12.044596503812382
374,13.219100265034774,27.438809920896624,1.7194227066107683,3007.1986863958596,11.228575970210448
375,17.33831403887043,20.71181284591935,1.7699417354669111,13514.61832684794,12.973350728227748
376,15.75058152454208,22.753871430002913,1.4380913236605029,6253.813723482358,12.337647094125268
377,17.8581233242206,33.52530269734551,1.4585606779196394,3093.8037427889963,11.243464834224486
378,15.270701577863843,21.93799708681931,1.772701321616694,9834.686334739466,12.591481107041629
379,17.1786363504937,37.228083064778744,1.3580646153153841,937.6772630340831,9.082058416001358
380,14.626615615766614,27.450249198398545,1.3122951808585195,629.0143076346968,11.481188002048338
381,15.363200871364192,12.352728256000077,1.3141850427115616,18364.147006571366,12.881728872144121
382,14.035375849836386,21.452906770040034,1.7186336921439735,7793.052406215644,12.468102371455714
383,12.296080001040274,24.745687212610225,1.2481474428803387,1626.102568462447,10.870677408127408
384,13.128074220191348,38.88016061080308,1.730348500216666,2983.8612967414174,15.891667314545113
385,12.571511776284769,15.73352128182978,1.6321910290736963,10348.514479791382,12.221188059876177
386,17.472485587098124,15.052202268332465,1.7063926336184079,18864.66168385723,13.16297636248078
387,16.60827275710005,12.341102050628255,1.545354696441374,21296.93123881568,13.350543465656404
388,15.265523154020538,27.994449827897824,1.6368875356035573,4759.767402758728,11.528880061878471
389,13.14004611338674,13.042118010843268,1.6705667419025452,16589.36376413166,12.723615033809777
390,16.603956409897222,20.338704193247352,1.7612677842595885,12751.58680433315,12.881354270158894
391,14.101901223296808,33.08688954830993,1.5139762409533324,953.1623382114752,11.78161322513717
392,15.677693244703573,17.42010577505988,1.798663669487961,14521.333352385032,12.797454937145954
393,13.449143855386277,20.35950857449123,1.715260501199801,7674.874635942896,12.409993692622471
394,15.936099751599077,36.763143333300945,1.5586523459798773,396.85765819915065,11.670609130230078
395,17.64805396990394,38.376815266948924,1.212849193943459,2884.934106929533,12.153537145079547
396,12.942338025926203,29.079955432917842,1.7651543133837297,2191.2745543007304,9.49588456661573
397,13.432062850685936,32.468815113351,1.4381371849635474,2387.2043939238506,12.643410873852858
398,17.775618956352318,14.42003512661583,1.3553748087884856,17380.539948919457,12.895475476516602
399,17.01785720018043,35.10308624588153,1.618753757789005,3384.425825485685,10.894754707733531
400,12.405309817844325,21.464356516845154,1.4430471216541951,2609.5829580630957,11.830164155383521
401,15.395807325392484,22.70067965979267,1.6105863732388368,7742.679804330697,12.496532263350273
402,15.878430888689323,13.75443804825196,1.7461543515612912,19346.7139976855,13.160812811660344
403,12.205114024115954,18.881692637947495,1.6286149679963382,6120.90486486369,12.201427799497296
404,16.788060991523945,19.388351053177303,1.2182344268008272,7977.097004011883,12.399745320774707
406,17.42803627680315,27.23785143446772,1.358915152548991,4539.028667924184,12.30871408997026
407,12.94049993078969,16.04784688390864,1.5163382841800543,9478.810343123689,12.16393164448482
408,13.252983274019455,16.966776215706872,1.4912242278057355,8547.662900340942,12.210047063260696
409,14.432008814623263,25.439455663527298,1.4064974732653144,2463.619197466513,11.368866131841143
410,17.033413396385193,15.296503683784008,1.7889010373136485,18661.97468575852,13.156798236546233
411,15.645599404245274,19.038398812345132,1.3451797889287123,8258.238326147888,12.420326478402554
412,14.095206299798335,18.647550923591773,1.6269703159374793,9325.611638923227,12.484719884502834
413,17.500885208236294,24.722707827394963,1.5499539422375581,8482.965615433006,12.649150240821951
415,13.214538161064931,37.66938559979419,1.7685552590406435,1799.3806300475298,15.179127409627046
416,17.077898327023373,15.385443410402932,1.4954811820726104,16240.932805442646,12.82884316439454
417,15.538456772897495,28.40791643901563,1.7244842432747591,5942.824693053777,11.823819360648528
418,16.912918152698147,13.707172067203269,1.4563119366172328,18508.8963145001,13.011284410066212
419,15.698534577008854,28.56039647645331,1.4125598021799863,2392.4789766583826,11.358386883642488
420,17.169265470908805,16.844819019036525,1.2562898651580539,11862.915824974261,12.372512351859983
421,14.024195531134623,16.532392008517412,1.6827546484897318,12070.10781034318,12.43146446123235
422,14.123969150199844,37.8320306058354,1.513956048847031,3386.3615623369446,15.38746719429941
423,12.546800477606752,31.672133059188653,1.410212801940224,3458.249168733889,13.189769124007048
424,12.783927660435303,15.513921480796256,1.478724832899609,9676.788169840122,12.133185590320505
425,17.183580736814235,14.61653556723023,1.690230092064394,19051.765768994854,13.163236480015536
426,15.157178213911592,28.702428047424444,1.5039645117985514,2705.4796933398234,11.321131648640657
427,15.736819869347805,30.77910486310939,1.555315567190862,2996.2410468261655,11.217019101876227
428,12.676993426330633,19.654890791485784,1.2089966587920828,2232.0284093604764,11.7913788469076
429,14.323306489068829,21.981727732989437,1.7002814647936457,7666.11181159815,12.47789949988075
430,17.44604670008161,37.7943930523989,1.4093854404207484,252.6767404023272,10.030265831799829
431,15.01463917898316,35.23407690104602,1.4208200846741086,1905.9429141070013,13.277689196482847
432,12.641178401805037,26.26380483941248,1.3452199587776024,1101.8267968478601,10.354706707491921
433,13.058493939341673,21.42074737612196,1.2050258239996878,1366.6382825833125,11.800505168290027
434,13.606315350954647,12.116128890689717,1.393665848256515,17296.487356013888,12.717524023102614
435,12.3162902092619,31.132660869635423,1.6498101374187217,1074.3138317344951,11.934705674968884
436,15.24487638646568,19.522442280381604,1.6797481460043313,10723.340601228041,12.675273665995354
437,12.319343927096693,13.535330914544904,1.515561948185505,12965.156077624988,12.282858092899112
438,17.123081495843824,13.010509608176594,1.5633302630247095,20694.17122835238,13.300750743706002
439,13.806754611263408,22.06221314944284,1.5367587412082444,5148.5108353002515,12.176248394340808
440,17.022652296793343,18.96861390142176,1.5450339311837111,12273.310164627603,12.695969890132536
441,15.530159010385875,31.597871948968514,1.5395667442223606,2086.486476164262,11.25712729170579
442,13.168971309264858,36.044944649285135,1.650730826046724,2360.377265010954,14.662274855094882
443,17.11441766880168,28.9559890170905,1.2922935539686102,2393.0227749274545,11.75632137874537
444,14.316942554450499,25.38259181550125,1.3429437638987463,1667.183676639909,11.480190341139572
445,16.06841883211346,31.511921877675938,1.72953798417681,5245.046522101656,11.275536573371065
446,13.236789037468558,31.224303246210592,1.3798096602748382,2619.283176227731,12.063941971177124
447,16.19508589381204,34.00070569721766,1.5777173518924523,2280.129516591383,11.206656842681397
448,13.305451465215963,13.094137523439436,1.7493457165375135,17297.932104932162,12.83031923977657
449,13.92464530007299,22.535200012203035,1.372554586366876,3271.708514945106,11.994245048859833
450,17.713678242845,15.528854110042992,1.6527807293594083,18088.571990709144,13.079225524236815
451,15.143854200543124,32.96525862017164,1.7462185928494738,3376.9660132196705,11.08406691185892
452,14.048846115946247,33.89614228238932,1.4050841541249914,2670.4136897629996,13.3643106673899
453,17.22509751430356,30.648311006435474,1.5549207058704804,4950.200878575841,11.7038074213758
454,16.604728192019916,22.68032454873149,1.4206441395218095,7201.60014949986,12.431367460914537
455,17.89978600024832,14.716736305762566,1.2417632770715465,15969.139903816273,12.716533034013647
456,15.561435421087324,17.623185141357624,1.4513385094642162,10784.77107013132,12.405876264065729
457,15.073338922240058,28.431634238280107,1.3782790507814997,1296.4841989620254,11.36578959007119
458,16.472263595792796,29.478591095103216,1.5333907129414168,4326.619791943972,11.576186640224636
459,15.95305757222281,36.552223334104056,1.7218199155892209,2525.085657335298,9.616481728220876
460,15.637426295790092,18.25856087482706,1.4544791845462501,10214.99036221259,12.462437175241423
461,12.01849385453635,17.431430488901817,1.2074250296047777,3465.7376736424953,11.688128581635217
462,17.99632300090062,15.293492193596437,1.7978441809821952,19705.130365501795,13.305904097227238
463,16.294475300487484,24.379588225084074,1.4864954780731479,6425.38898066533,12.514808151873702
464,15.896819005347599,36.4898601517693,1.4295916807120812,1284.92474475307,12.561234687201827
465,17.24692017960019,24.66431231907278,1.2088145204095067,4084.071149719244,12.191414585935002
466,16.89883932443416,17.63793114390689,1.559802514686923,13657.43840950085,12.670268708293909
467,12.307416267751954,22.269150976702402,1.2667156878060055,737.8909613338544,11.43375668420021
468,13.052560131336085,23.629777423161343,1.472234945413597,2392.0672492753515,11.78828433857382
469,14.11768502954515,24.526606553488435,1.7497374273478123,6289.916275755805,12.298726203731999
470,15.612814529848412,24.29063913569204,1.4297752194454332,4946.925298426243,12.297462024642448
471,17.97662160648993,17.97461115322195,1.7182069367654669,16154.110004097585,13.02584556301293
472,12.421573097153479,36.323224902541675,1.6262435631627015,3890.974974861557,15.46037330174729
473,15.85120637577625,12.736867798138295,1.7883874948042326,21279.932585927432,13.392322723527874
474,16.15931226049436,15.209496992208505,1.2898386366490318,13415.925381004603,12.421210591049377
475,17.44778835899698,24.731923762488993,1.3403583850980145,5866.717629148629,12.397601884125484
476,14.922483558172555,33.586403633816715,1.6007286152238307,972.7394419649544,4.604343070966857
477,14.765278186025212,22.736892521337943,1.558205327829957,6272.2490108548855,12.386935351396742
478,13.752005719171976,12.449513977071438,1.7722585862095461,19408.59421188878,13.072418002579294
479,14.821630156560207,21.401003897461784,1.519345211618417,6885.168788377984,12.345129581641581
480,12.210474619661289,32.970240260077134,1.49852008011624,3729.2110210801784,14.00333796005403
482,15.00677112954818,17.23671211559043,1.5952437426015287,11871.57623152948,12.467191553685614
483,15.957906746501553,13.460583726057536,1.6435733630074054,19251.442084966966,13.117131114590036
484,14.74856062130253,36.18613612336699,1.6556058458128784,273.74031021452186,12.941077868675993
485,17.444581793762374,12.696680850325851,1.5251291473043729,21289.748666654443,13.372445304740465
486,13.86287812194658,15.560198980975127,1.4439561334571822,11009.697867699932,12.241847207009325
487,14.126657931615178,15.969639850050164,1.6718515075019524,12881.063483388625,12.468516461899316
488,17.670382227699328,21.360939765211526,1.5176119417075618,10656.759275557197,12.778799712476003
489,13.043112271118437,22.844828234438978,1.5479691895879264,3625.4137059420327,11.722547985976691
490,15.55182306461661,36.14622189492496,1.7374439631788459,2324.3775085231273,10.35206662516097
491,12.211596667531524,39.85471274908191,1.6107498324906127,6227.085589663321,17.409057584971105
492,12.648576793837858,25.911579556941614,1.5079584308505707,902.306691272571,10.808868172301512
493,13.822109490547609,18.05308598930138,1.2789221689902144,6081.964421294616,12.046797066009097
494,13.024173112182604,35.69762184560291,1.7114145556690343,1727.7940207267761,14.277864809373018
495,16.944148788422773,23.52879640442619,1.328770889378543,5939.531415438143,12.315710210735991
496,12.582569365261158,29.479424851427403,1.651572742433538,251.12336756345198,9.425136917029143
497,17.010208962161634,23.265955412448523,1.6323727619687887,9762.047462856624,12.643144059421324
498,12.91228215771538,16.487951473341226,1.63101216202223,9881.152979027014,12.263733171415259
499,14.056577498008027,23.238633704490194,1.3917551312798615,3169.5717790088966,11.980025658000178
