id,safe_head,des_vel,max_acc,err_x,err_v
0,2.5941487489442046,22.33689965776435,2.0206441900565544,15196.019427235165,9.337874962082015
1,1.3513863714619887,24.342483222233305,3.0909686628050705,2253.4863903925134,7.873901684891387
2,2.918871846044552,27.45403942539278,2.336914124101105,17010.072992799967,9.774973251000242
3,2.9134512772371974,27.8778093659525,4.947815736755682,16926.886950854674,9.765276688913737
4,1.1821339552439645,37.13371588756536,2.3399974069610474,1047.1900338498942,6.238685319213025
5,2.151057780207954,15.786464562041633,3.547147637984775,14010.053372483071,8.82315026225714
6,0.6801580299814964,32.18575659173551,2.185071660903031,5122.958105566696,13.60481041539273
7,0.6930654666572693,24.005877108288935,3.4138286622277207,6432.730907763758,8.495682856787042
8,2.4002429990748015,27.869687002542648,2.2064412682957917,12763.214773317957,9.274625266735903
9,1.9367485062792318,28.779050951374987,3.237618351614572,8190.012097299603,8.788497723080003
10,0.5873763143498607,29.534530495171715,2.3131453777111908,5266.309331513296,13.650541862719187
11,1.0687846809885828,22.76337882299292,0.6317826251533831,8727.891014037397,11.414754343143917
12,1.083070585883764,14.875238410324094,1.8370118688870536,3825.325488423154,7.7888458897549
13,1.851372614586582,15.670201026412505,0.8379963437557163,11381.56641863644,8.46038968752395
14,0.5868686839061448,17.402807225285045,2.107598305174858,3488.8812144719964,9.056646002638155
15,1.9302448636716774,34.90637036362167,4.659514195304422,7748.60365959585,8.917576878978357
16,0.8699008452759817,34.31981923680825,0.9159578636413932,3954.5308395805982,13.510723232709728
17,1.4367599565745883,16.84561749088757,4.670026445250434,5943.257110431156,7.966734004428357
18,1.9616927520367895,22.017066139274977,4.433455196712613,9426.547229365864,8.573346216049625
19,0.5645243985834911,12.263863591314884,0.5092269798086785,14141.61986550389,9.308433794220996
20,2.485116081288909,12.04338347033815,0.5514584531397639,19871.77015006489,9.65596471434189
21,0.6336135849054967,23.17900781601588,1.516987536555383,1158.324188013971,10.046532776026606
22,0.9270800185939833,15.534057268999018,3.698740423183374,1760.830993269971,7.795049948635719
23,0.7813323910272039,33.734872665519234,2.4723029007377404,5839.409596498403,10.741744666542699
24,0.5326760624651967,34.53986591414321,0.710374987305262,7994.260372012945,14.263895526257564
25,1.3881260769212638,38.94056694713932,3.7026307194507564,1578.3865626330096,7.3437391205674505
26,0.7378600332865516,28.211152177964646,3.5673696212726504,6298.1599619758745,8.847327000929683
27,0.5383454481902077,17.88889372783364,1.2212853668064092,2027.7900321481968,9.905289320638467
28,2.64182121571802,22.601371508933298,3.398250312822315,15519.341754456123,9.387299312974031
29,1.9203378526339052,14.092079295513285,1.4048180310624043,13477.28940210217,8.641420850134205
30,2.364605869667948,34.7056351994218,0.6435953694286212,13158.526799125957,10.429877719694113
31,1.4286660111767677,24.225412294754893,2.3733616122216956,3161.384645975954,8.0772793487712
32,1.1420811250596492,37.451066586236166,1.8387351492216608,1551.1924888268572,7.253779451065276
33,0.8242949013768542,12.412669063499894,2.9192375694623904,5494.716698817862,8.036765717976863
34,2.5964356714181522,18.55014219337301,2.443411002589407,16232.063316987926,9.306304470927167
35,2.5986294772559386,31.52628724590836,2.8409745932145407,14207.712990960448,9.537845131483564
36,1.1734179057189695,20.883075422554672,1.2972796200814372,1187.178519655732,7.315606648567425
37,1.6338550714750497,18.22596023317901,0.9977849604854465,7334.619844254727,8.15146307112932
38,2.454407520894735,20.511540417378534,2.820443250810649,14456.568120418167,9.152667584481804
39,1.9921639086862801,26.190883869472252,2.8818166665942537,9025.227313433526,8.758059116794415
40,1.7901258592082276,19.22062511307239,3.963406260193243,8526.16281369465,8.297705078978261
41,2.762972102281845,21.616021145421314,1.2653838170100502,16675.41920174591,9.52888259784301
42,2.4105328784052267,26.705701020861575,0.7601806674130647,13263.27742080499,9.53432700479293
43,1.6045383828667248,23.403995420529974,2.3698576149582924,5301.335477992152,8.223974317761726
44,2.855591679050861,33.29400660232303,1.3175975173184091,16217.01649150688,9.872755500767258
45,1.2987082605543137,18.52831146640821,4.309680083199158,3278.201367787895,7.763782754945104
46,1.3868525362177315,33.196637093880454,2.25435172208885,1817.8407693460942,7.798825524116712
47,2.6663559462147153,30.310741079708613,0.9640731277363306,14956.48481445745,9.716661964322046
48,1.6383313171804554,19.455161045982344,0.6960342828801768,7382.8930549936185,8.634100922963478
49,0.5448389302294507,25.99146141727229,4.998582783934957,8667.793163701512,9.418052883416673
50,0.5649431471024162,23.87756783349165,0.9232822229818134,4802.559603162473,11.775505456311688
51,0.8653584699621065,38.411424295857415,1.6457927569979738,3308.082825232935,14.305773967012719
52,1.954149538232922,16.433582242206548,1.420046085780883,11759.23005913366,8.536478404641407
53,2.6751926357226568,13.144243316675686,0.8642548852419116,19922.67067992025,9.688154415870867
54,2.5947836167722405,22.57925142135072,4.0347621179508275,15144.388335302954,9.333521341898642
55,0.7520608776342801,24.726859730759998,0.6650814112354239,8614.017551832423,12.243139034496007
56,0.8240845632906129,28.86886715720104,1.9438808531387934,4140.933539941593,11.146052377882324
57,1.7919059893310925,39.45992963136213,2.852262107041052,6136.890515025161,8.860081304850462
58,0.526073825977976,26.370913500523688,2.763576110754578,6262.95301446893,12.754868365163354
59,1.657376900455417,21.41426910990019,4.140645445058485,6326.117417192944,8.186438949160324
60,2.033488186822436,14.357110460245096,2.632981094380515,14185.950587121946,8.763286867808048
61,0.6202787047262424,32.13138113374917,3.83789210364517,8033.291295828315,10.260332079069498
62,0.7488488196696768,33.93150661323226,1.492663049401725,1907.5860242126291,14.255358970464494
63,2.637507757718015,32.99537327650283,0.8610376462294477,14652.495719010234,9.883606915328532
64,0.7747746858282287,22.87348109063083,1.6648909624518233,2366.1018171645483,10.814387803105802
65,1.414860744125826,34.44946742280964,2.970098904537767,2071.3259978890433,7.903543349502112
66,2.8631341192430804,19.860045201857524,4.7669100078845155,17769.43233373686,9.600284337154546
67,1.9463131778966805,25.135767258705577,4.63421370170883,8690.09320040632,8.657929236367938
68,1.579255199217878,36.87439734581764,3.269056754775316,3857.211292493936,8.23082489930933
69,1.5162750486697765,36.13679898783515,1.5955094869757436,3214.1355301211224,8.428118364516413
70,1.417228081401349,20.62604737769646,1.870593336097349,3843.9646061116523,8.030438198217446
71,2.8221532630207733,21.790128340234013,1.8963193055950498,17054.446827801414,9.583855038189926
72,1.4448851127404991,32.77019308323883,4.485189194946973,2499.163694284555,8.109059021287232
73,2.4961843139772557,30.462052912893483,3.7817936794444496,13392.5122079735,9.408768405136758
74,1.2980815185344912,38.378853271905406,4.925588855588361,537.489205528916,5.893944411899256
75,2.723256447573535,28.715159199230612,1.7060874402476252,15439.724979989416,9.615194876240142
76,0.9771621634686172,30.80855079876781,1.8650979283532656,3284.5665858230273,8.550465729778425
77,0.7147732879549182,37.97556503797924,3.523418241572109,7080.083523139923,9.784086132582551
78,2.416993788647467,21.093668205562615,2.6056182516680213,13983.111052669661,9.117185914542382
79,1.0422838304358537,27.525136680928554,1.8205838987265184,2222.0139080177933,7.283248900214436
80,1.518313304157246,33.83729529755119,2.4899355872341484,3298.987880649195,8.25355727342058
81,1.682084543542696,36.4506570987274,2.2078660815107836,5038.867917580517,8.620571949732803
82,1.0105448618531514,35.42939313363891,1.857873715310052,3137.496701271526,8.737890960642964
83,2.295005313197466,23.37396538613929,3.7467364486806938,12392.768940796936,9.02043935782378
84,1.8197738919882633,17.377488457704608,4.9283720763875865,9785.597574934001,8.336363650602015
85,0.683751794287586,27.863461505760345,1.9600213510989932,4002.4612383739923,12.472663095807508
86,1.7581489592084734,31.703901666809397,0.7878220584060657,6967.880075709193,9.885452614536735
87,2.2093984451959994,20.676074670167147,1.9437041733757625,12233.016644993613,8.850484843095467
88,2.988941841577606,33.44528890729764,3.025534970347319,17144.903051046043,9.93005167510298
89,1.9220703889130077,22.271051356659683,4.332237914403393,8957.882791991655,8.529698879586256
90,0.522983365910636,17.36573107653288,1.0205499471614443,4070.0100499308223,9.675945992777761
91,0.7630883867688083,24.04504762366502,3.5531789528627598,5498.555737669686,8.09686218347368
92,1.4034118233237296,19.927881267499142,2.389232457511725,3908.2659669754753,7.970935236255059
93,1.1910365661671538,20.57086552059095,2.368177273240771,1406.606569972664,7.632854945356829
94,1.8161243795729956,36.09058053084083,0.9092615960485066,6879.860729285368,9.635406224037789
95,2.314418762403803,24.910036829531712,2.4338529333379957,12327.509200061299,9.096087610771251
96,1.1158540348639316,18.048224687546703,4.448055060469624,1593.472561702563,7.714163023407509
97,2.9068758692224907,22.772771349218075,3.804134490330079,17472.86416061618,9.682106796287172
98,1.9983034689655395,36.24967624144303,1.3413776679658538,8462.998862236733,9.204789923067201
99,1.212202991846005,33.55594396151105,1.6134034346721167,528.7196917527068,5.680646022925133
100,1.162334506338177,16.4362378155576,2.808547837315949,3069.163749104867,7.706590183019518
101,2.743654129964698,14.102152570322437,3.8147637170899387,19577.7973363757,9.661765750754684
102,1.362755278417298,21.372358736891897,2.442539677125629,3003.588260823382,7.945821313758634
103,1.2821054746956866,13.466427244160581,2.78849702607608,8091.130094872717,8.027836978837184
104,1.5181369342790503,26.711119205074652,3.873269456580475,3828.14485357065,8.185295198603258
105,2.289639383358516,12.541328941491063,2.9902769897407397,17990.013817538987,9.324966650472025
106,1.7808469655090464,32.89327212410775,0.8906644886480746,6658.294520160846,9.477787762084379
107,2.3568032615448224,29.944692119244372,2.7590485671309715,12189.6536435274,9.267481210064195
108,2.6951679083682936,21.275872696181835,1.2217724856505912,16238.215954928852,9.449672271020491
109,1.7481070675302708,17.355176298398323,1.9943692150138976,9051.768239934998,8.253842316113591
110,1.0815379447836564,28.755899245637295,2.013054858678716,1842.8109289445074,7.00208442356119
111,0.6618722290013691,26.12127678475259,4.273972151525837,7121.761752299563,8.90480745188104
112,1.0147368712216855,34.62994215494199,4.530959887104115,3092.8387732697756,8.249699722076182
113,0.609861287898933,30.97091192271417,4.189849702992993,8155.795472429436,9.748029259087838
114,1.4324955001053536,27.031185280170277,2.9822213630955092,2816.056866943669,8.106291537531854
115,2.570300680797192,19.532543775417132,2.7313417144104677,15694.552510126467,9.27659483750148
116,1.3618762215982532,37.58930094201269,2.460527562704935,1322.0946983384536,7.123184005871895
117,1.3242375937142443,27.94232263330615,0.926282902186438,3074.974597720957,10.371377741988308
118,2.8885216384168206,26.09515766193074,1.7503787641254642,16929.23280244828,9.731289266581763
119,1.613371711136165,37.9848831254335,0.8220217077983121,5184.82723708276,10.140818201784985
120,2.4752646769400988,21.667099123506688,0.8476583400531045,14430.355033189877,9.249606770314108
121,2.6727141514539143,24.508261866540856,0.6909196682413308,15754.588761907698,9.674528228850647
122,1.9728998057341083,28.50898604874585,1.8132666622807725,8607.896961615126,8.861925775003595
123,1.8213030321720878,17.97143278241751,2.51237632637738,9460.88927932918,8.335864238274572
124,2.9095024316708877,29.893395196348017,3.4155045554342083,16754.249089358796,9.796083149446515
125,1.5668484381696899,29.97026405462781,0.5810676360130369,8807.844163478867,11.730818625227522
126,0.9668619624053089,23.793158651952893,0.7941868169509315,5822.23557110706,11.401597472341628
127,1.257479648814601,33.95341150243709,4.620868307526264,370.95393002061,5.776644054227032
128,2.023472888360966,15.123493430842464,3.9548127881824557,13405.845810354569,8.68918340233364
129,2.092872906779845,22.741069600655223,2.722937352416539,10588.781428840914,8.754611736070215
130,2.0722922168589273,38.633777281219864,0.8826578814985981,9419.425686004672,9.87946390317316
131,0.7933415819704016,20.46706165790342,1.5611708098303188,1542.568124043636,9.549326912948658
132,2.9720267128600173,21.23573476318254,1.7518199187745636,18207.12178301557,9.7382285706322
133,2.3188702417132907,15.915793729269016,2.7211646206147284,15332.045816448635,9.051548167245082
134,1.2019862663385326,33.145524168295985,0.5590540784534646,9990.321520340332,13.098070495911891
135,0.8948505717461828,15.80480912652363,2.2978456674117185,1669.175531771918,7.811569694085749
136,0.7824836282437846,20.354650891618437,4.289076169846817,4492.111538369656,7.48132862191932
137,0.7832731517700576,16.20439705905015,3.158989392156644,2798.852954791891,7.839350016587867
138,2.0134301611299747,38.93765267442251,1.2878695024421203,8540.59029897345,9.310232581880088
139,0.9923674935696704,21.677426106728287,3.0603783834252427,2097.6835126235264,7.0415742971797854
140,2.602833791175212,16.664989104090072,3.5347720210530023,17089.57111620106,9.356310747954812
141,0.9885349784071238,34.08302237271971,2.225052756444149,3385.042641661122,8.516272774479928
142,0.5974564893195567,34.5987031507064,3.752234165317984,8274.021924290544,11.52495949548808
143,1.7665352944092798,32.857338967940706,1.4596085640992833,6161.924655607018,8.855664091581907
144,2.940628845882969,32.68412260394416,4.336106613197847,16827.9238605014,9.867958052157956
145,2.0360269828002124,21.242445903610655,0.9522736653498559,10450.495397875706,8.707198163579992
146,1.0092149775683081,21.372586755086186,4.636325892500387,1857.0054008442967,7.124225041846186
147,2.697964444971369,19.002012289370597,2.4910190284111757,16841.6766771377,9.417747215993565
148,1.3936551807262152,19.983720587646463,2.3261025021383097,3776.7009579116566,7.960881663569232
149,1.0192118061996736,23.279949565748623,4.700038290203368,2035.4728644899444,7.023681703440488
150,2.26244431057458,18.53112439050864,0.750115519110538,13556.491342050727,8.969219598848362
151,1.2847718700583253,36.941397792672944,3.0588467396474863,455.2365481462587,5.769431478620855
152,1.418332459742453,20.348496898376197,2.2416182674700558,3938.8782244866807,8.009786148181702
153,0.6554469254761772,26.358672774208998,3.6371511555061726,7211.0232907922755,9.228772830636283
154,1.5136831181477415,20.95307035954765,4.388678860552954,4838.754228064762,8.071685613699502
155,1.8080210066714228,12.015188085219487,1.7814395222850732,15098.570205378472,8.79098667053783
156,2.086719479042787,37.84435219365552,2.5443450332020174,9243.369177408917,9.172109235774586
157,2.6983332457572278,18.77554910662431,3.1859182536002093,16916.81407958643,9.41772739191385
158,2.0814889924145046,30.873899695626434,3.1292049871354077,9500.608853842416,8.993031164501286
159,1.658226955187486,20.45663274916777,0.5146008793533514,10709.25902792914,10.085762136422854
160,0.8995177748256871,21.046972163565957,1.9030723034561434,2914.648106869945,8.016957323825862
161,2.465769965648055,37.49825287413269,4.324362410249513,12798.006257145671,9.491694737635632
162,2.6645056795998276,15.30789946675412,4.763098860904172,18276.349171873135,9.490695930702366
163,0.8941690961322406,14.376576931994801,0.5893758162578089,10747.868011557544,9.326565024150911
164,1.703677254190285,14.348926218190314,2.3343226943875677,11184.442036299577,8.343016190751703
165,0.6958529758868016,32.232239499684795,1.4857754030791768,1649.1817539425956,13.536406016602484
166,2.9995664538771813,29.375452888640602,1.730673109011632,17450.0141817823,9.902926747995297
167,2.5681128690673654,15.126432921330123,3.925540469224055,17728.799124000594,9.392376440513022
168,1.1007985205442603,35.00504803255595,3.0405731473202913,2001.8436916401681,7.388679771728803
169,1.8290187654559018,30.314581838681097,2.5112899251490384,6945.299820318819,8.717658465081929
170,2.9500003917567192,32.2781679763781,2.0416996490708703,16928.52621349449,9.891953610234177
171,2.6519139076378724,14.739230648842558,1.1606753597166772,18573.11202996546,9.519683464674793
172,1.113140010581149,20.834776543444853,2.5788312507593054,1027.5968439110259,7.544378406494877
173,1.789794691913705,36.51027090491183,4.190207215653526,6199.038972676748,8.794516828662317
174,0.7559303997645832,21.967421127288354,1.0707551355311895,2712.5333674230383,10.704778356882393
175,2.38803598273051,26.46349477632414,4.3701471962990555,12789.164849290086,9.21219347596859
176,2.017768769450705,30.999311292206166,0.6095509731136934,10629.092405388696,10.306372742615284
177,2.743926617124511,32.40994714324935,3.776200168099997,15345.093461822087,9.678714140875641
178,1.0488405668095013,29.755719256529833,2.1108824342335635,2338.0576933870693,7.266368557079021
179,2.4528116354607805,39.8444937465858,2.822375964502284,12623.744386301536,9.531498180683675
180,0.5158536593734329,37.94443540495618,1.408380835127467,974.1511977440363,11.90536463718814
181,0.917867622623489,17.47097364667796,3.9108492874852048,1909.7347833900299,7.7765060221105795
182,0.9359999517786217,14.715935733672925,4.453541993591879,2546.6922685584423,7.816205489021465
183,2.8034857827923054,34.606633740642756,3.2844873156223513,15716.701246833507,9.772997317272889
184,0.5190508931450009,19.150308053000444,1.4823795926168257,415.6011839227947,5.685609228217357
185,1.2280669214273394,24.128220208744622,4.0887118127555695,991.2221260119286,7.268430520053462
186,1.7865922845420443,35.89482882117953,3.1508849619745356,6190.983103394967,8.79676797432105
187,2.386858081233194,24.741090754777474,0.6106352623103348,13813.844307351974,9.729895926548116
188,1.944647401541681,19.49386629110284,1.3554284787663566,10054.191923363334,8.516029766842761
189,2.793638999628297,14.989996423199425,3.626245961541889,19306.972059214007,9.652604237388207
190,1.082493325159924,18.733816781832545,2.4904814994874935,1226.141775393167,7.727620514972456
191,1.3676172784665659,16.582931541797123,1.7781689327800319,5350.55934106641,7.90903730457596
192,2.1153247584181107,22.180433339023637,2.389106126019902,10935.230766685117,8.768455372835696
193,1.0082644309379913,38.18218071110174,1.4688904750720173,2409.4283822432585,13.326486207665031
194,0.5691193934168475,24.75415593550806,1.3380297917937067,641.294907914859,9.388936928774072
195,2.804945088122214,39.00810453227621,3.2707032890838974,15589.261879207068,9.837459316579395
196,1.0827070045290637,21.75922072848101,0.6927386645901275,7482.278987252656,10.966569852858752
197,2.986404966818511,19.678210847237004,4.675886719653763,18639.799305512428,9.73387975887081
198,1.5124893385820575,21.232697909476737,2.1139739560007422,4754.783968251869,8.09794461283904
199,2.102732280355869,13.314020933706622,4.6999939226141185,15805.94442262824,8.969911035979408
200,1.369195908701359,33.61121902030588,2.408471858335789,1584.0433744223756,7.549170636211322
201,2.9352110453887392,29.2385664643907,0.5033748704465522,18403.44019019688,10.643376595475369
202,1.5442632114475148,29.534509922687104,1.513068269049034,3899.840693921861,8.302456292711744
203,1.5482479837081915,25.003346735018106,4.319524721382706,4393.966720873948,8.23836784085567
204,0.7052469379094263,37.66606985793587,1.125738465681398,1895.9419161278258,14.31870208766236
205,2.154881224979356,37.845409482162,1.8907872449462295,9926.681299337662,9.254406342296967
206,2.865364164786656,14.229619622352047,1.6830964006437075,20223.744221984176,9.78645059130049
207,0.7462278404865248,31.213100518011093,4.9778451670279384,6401.668544009436,9.138746419615298
208,0.546218144318308,39.44671145695234,1.0954940964810627,2541.341109709663,14.847775359305022
209,2.8488408621174175,38.76082480771629,3.7876449362339177,15934.21026619585,9.87127955379835
210,2.509638658827669,31.438882175660257,3.087556800823442,13449.825252826598,9.44440110573849
211,2.44050189313476,24.182030266746715,3.677764627228943,13565.097861866347,9.202429277060425
212,0.7668566964621542,34.95483786668022,2.082215535074046,4984.21586180802,13.28416984115436
213,1.187230070119543,29.138291575941192,3.66552387711159,666.1864343449482,6.128656423111648
214,1.3125764994012383,39.08121791033421,1.4226495032137008,747.4996057228501,6.161846837091751
215,2.575943440118164,30.044635215213827,4.579121773378196,14106.379179329126,9.477944429010295
216,2.8936921205274944,19.65383564646198,2.9246791122536497,18034.528910758025,9.63436218125306
217,0.5016313435315205,31.938158809803145,0.9952258348637021,3839.9577957950864,13.624944096778588
218,2.497677413860006,39.24870462516243,3.64782519480526,13029.93549372223,9.546820934525803
219,0.9376622502435773,20.64798244427155,3.2250215116069967,2557.7027484812656,7.211769130297442
220,1.1191466920682283,33.360335393426595,1.3144579156322471,1073.762071046425,9.558932639814781
221,0.6830729267252664,22.194491366406126,4.547348214535114,6275.985841478552,8.090441003658675
222,2.0620793020857633,28.082321106197675,2.1500596980168414,9537.238329183694,8.905912867692505
223,2.9180740967595162,20.013167638740455,2.3507606460659343,18109.624554493083,9.663777566195018
224,1.6820156263862514,37.58290890549105,1.2838815863339366,5073.740494225853,8.89570726030218
225,1.7334067645262063,23.134785476371725,3.205492174753656,6769.998301242877,8.344030289452355
226,0.6787108728519765,31.028271529485565,1.3889144119634897,842.0203453238569,9.235472500189793
227,1.176437983335868,30.40195159167726,4.216423675613859,833.145188660347,6.252954208025404
228,1.573294705501854,26.49392094354875,0.7887900030910588,5224.295462944472,9.275090597205882
229,0.9760690171863247,23.703452514620075,4.353637973903877,2637.419977011577,7.2507631480582795
230,1.3080301606781195,27.58638925340895,3.4467010277992136,1324.9759650759852,7.329953405645834
231,2.6247228727916094,18.358793957122096,1.1758335466329712,16542.300959305474,9.351133796328144
232,2.7917969564779392,38.41901526818256,4.518616731879565,15499.017710451853,9.81149435187775
233,1.6891062464686986,14.206932093437104,2.0099778441097085,11206.164647835902,8.338352579074447
234,1.353280528036528,19.64176904856283,2.8783350883996075,3432.7632874086794,7.8812026207893835
235,2.8061529522001205,19.754390279228375,0.7959188226905098,17475.28893664111,9.58083667545909
236,1.0566055284675218,12.975433842213885,0.5100414527377644,13141.544166578406,9.108798342549743
237,1.5089632611149284,12.159504047655323,2.626654449577369,12394.04581967397,8.444416744776849
238,0.6114615441462921,26.344672119730983,3.6654930048295036,7662.903901530368,10.029687897728685
239,1.7865505649526254,39.49890259692823,2.880150373143776,6077.753798421164,8.852441721025862
240,1.5962085694924864,24.163226674942123,2.270251354629064,5076.175501045402,8.250982461446963
241,2.8632329707244035,31.83721714124604,2.752388897119679,16302.303429584574,9.789472457833579
242,0.7553286562864004,34.166233910809105,4.780636642376994,6429.891760183209,9.36672888139979
243,2.193499709636833,27.062527366809725,4.844492018518815,10910.807231204917,8.99746343743579
244,1.542009862720443,24.23901563101365,1.5286891041138093,4475.023907090364,8.262586412378337
245,2.837742080559032,24.49650112265904,1.1745372666853715,16772.14485929604,9.6729963475702
246,0.6629364133541589,39.56225268648685,2.0913916964763235,5036.138255477754,15.467963240580403
247,1.6209060525810535,20.370584428706728,2.3642961582736737,6235.636791671762,8.124928519180918
248,0.642529970870961,17.980481641436477,1.1541006786454144,2402.6672717511633,9.914590300051938
249,2.954909706156603,21.710351768030726,1.7241527615526957,18002.113315979557,9.72741704851077
250,2.9249526358595723,29.038203628608176,4.793382910130171,16922.098027973938,9.795084341357118
251,0.9463860903986152,28.661555660682016,3.432120448333434,3591.4766324299517,7.914039905646679
252,1.2769702503728328,36.47203107891089,1.7576823984556016,417.27432779299306,5.567365305882275
253,1.3350422738437981,32.04926710072115,2.564582423489538,1269.4187564407825,7.172410852719189
254,0.8549616931553332,25.827972003864666,3.4461017712657944,4506.010507248621,7.983694005873844
255,0.516451110151877,35.88885697502659,4.959413482614699,9473.394746667316,11.407590547286324
256,1.5677692842075626,31.89233573115765,4.295617769492447,3953.827014565296,8.208582809267524
257,1.4957519576576708,12.004278181491408,3.7374866457490707,12533.926539817308,8.46354176453079
258,2.0530751163832983,39.044641115752405,4.385329228378198,8864.293286748278,9.135344696258517
259,1.9649912745263811,23.09150390204594,1.2844254473911476,9268.008697085237,8.659889396556538
260,1.8681497868298584,25.72059702492799,0.7230507304803391,8655.27544309852,9.444266238465062
261,2.836655900934947,12.765366385134564,1.956788135569541,21126.898820879465,9.895394148361158
262,1.4336785543950783,15.9995679140191,2.122695009723409,6618.920454445711,7.984014281585933
263,0.5417382987024256,16.759856481662723,1.535069328738607,669.0363994581083,7.141678009219047
264,2.3739749396672085,21.96260493225349,1.73804973037868,13410.429534262965,9.089759923354162
265,2.9943625654729535,13.752019958585608,0.5684412849588705,21341.973006550743,9.994431195157528
266,1.0981716113142705,38.6007937191378,1.221924835286566,666.0102813287426,7.420218123628307
267,2.184102339730784,32.590892152868264,3.7815930304945926,10399.881623599733,9.112855762504548
268,1.0511849845989834,25.95404408775002,4.373961467993723,1984.9740761296673,7.082283173430998
269,0.5692296824485722,14.571356146288617,0.8219336610993899,6979.171016150972,9.143757190780713
270,1.5505561494956204,24.869226304850166,1.450068989002435,4479.363371871111,8.296302155594312
271,0.7871385116455388,32.6629277910456,3.9668596123143285,5942.861779504946,9.07193948582187
272,0.7356860627151874,29.211786003744333,2.6423457639526213,6124.560907288208,10.458283954590481
273,2.554622760139723,23.70723708748393,1.1016164259202563,14672.579208953857,9.35343130577268
274,2.910102104238386,31.152812907995955,2.4522948624754792,16689.85795181138,9.826550057508074
275,1.1858810321294773,18.017850783853497,1.4484551520222997,2276.881500814849,7.675405023158281
276,2.27461607447001,19.545887679097028,4.478670667680771,13184.51937416046,8.92347712638591
277,1.0885994974495377,14.214776236962827,0.9765089956480291,5419.334863315035,8.0505064731806
278,1.3861592232452309,37.70514304696124,1.443225578607562,1672.5263852933037,7.944310728815344
279,1.8825574443847155,31.011209873047154,4.591064099485281,7454.35625436412,8.771378598943983
280,0.9342494603748337,37.47401352069895,1.0718661629617063,1881.4746770239437,13.506224206680054
281,2.674129778225949,13.201891615926268,3.0055531178712527,19841.327675319502,9.672314538225063
282,1.8943344161347757,18.48949062083172,4.422504716179287,9951.532044807109,8.426465604771348
283,2.074406307133406,26.876204442214394,1.0802214563582926,9856.716909275485,8.97411723306595
284,0.8083344879212924,35.12603241371448,0.7081841510524047,7452.025377155575,14.06838107907595
285,1.9375706884016735,14.572365275061372,3.8567610488212125,13137.706296844624,8.617254439021306
286,2.6914454817502853,36.152454835817665,3.4335069423378712,14765.054645157295,9.69440862871902
287,1.5188859702706397,23.690130282435486,3.6554483565727103,4276.226777784065,8.191627480457159
288,2.1681053265236847,18.253436333891404,4.761123687822895,12731.209073388594,8.77608968114361
289,0.9413171460126599,32.030239442661625,1.3821803148945644,1445.5428637779376,12.055907194172283
290,1.3424218819302742,37.396645162997956,0.6142766309589287,8325.089971996364,13.395037497838072
291,2.097657249415523,17.05871524015994,3.026709840248785,12701.752110965184,8.696816554378755
292,0.9758716684114459,24.330941863626055,2.6371975966159082,2725.958008914608,7.350122109351096
293,1.4858548801901064,23.849527855204748,4.364977296778564,3871.297533482502,8.172153268988703
294,2.9882260179018614,24.002387951284664,4.0117820824924,17855.14881233124,9.786775143449619
295,1.4127273132077152,36.97735561435166,4.962769292397686,1933.8610095582555,7.706715668309449
296,1.573365061308562,38.626166513654475,1.7282591655246387,3767.633203769838,8.36621389208053
297,2.1510673748273015,18.407194773935288,1.8376005883153828,12511.72775176665,8.758639124260576
298,2.0578184873690186,39.49647297958036,2.377265150530074,8911.148977780387,9.185185308726624
299,1.112008070968275,16.300207386487312,2.119040262109834,2626.3947766706365,7.728343131744418
300,2.8298969108713226,16.669460084034828,4.897821754888232,18655.93392328299,9.612934550683303
301,1.4463721072881548,19.039459281001676,1.915988805932049,4760.893354035627,7.992075459198003
302,1.014111048711259,27.239008374900273,0.555925663085117,10503.765238293956,12.418948382386251
303,0.5815172612063373,38.97638266789845,1.4822530262679932,1608.3061273198357,14.922804045823987
304,1.346354724556392,37.41919092044948,1.3266587450341767,1241.331626428999,7.629376812196787
305,1.791340045321415,25.637024702375605,4.140015818004068,6990.4887092888275,8.502721188612302
306,1.704281774000643,34.4644493534296,1.1546461446544218,5480.212385686136,9.04262700146096
307,1.8138827487181712,25.5697930615146,3.4559079985117243,7242.390859767635,8.523811199322118
308,1.5515909486510018,22.69914656016921,1.139053822094129,4898.04254355981,8.22842337286542
309,1.9267038718908633,32.79551585718742,1.4209835828841297,7867.353831945127,9.001069542151505
310,2.805372444141083,15.052950238210649,2.994652657220673,19342.840427759165,9.66192268045908
311,1.017276753693372,12.30497830487198,0.6268976532160704,11408.431754918929,8.75754768860104
312,0.7261220557415439,34.684970831967554,3.2213973877642323,6816.089927775554,9.693401384011915
313,0.8712487917213894,22.34221099146952,4.346360368799134,3759.718685064834,7.49903455976342
314,2.128886285627703,31.083592689034624,2.356934968467532,9962.087213455385,9.048415918519293
315,0.9586784276151884,37.98620715493302,2.0094109470375323,3896.7219493667144,9.147620740515354
316,0.5764905518019965,29.15328607161019,4.665625956478372,8496.49337323638,9.601757404471288
317,1.945997062654041,36.41731830965483,4.0490931147179205,7854.572878103405,8.968430547651142
318,1.771497143694342,25.14643553099882,2.900133541717012,6848.680656178853,8.472377400557852
319,1.5814566089571367,21.429141938377427,0.7951687841303907,5878.162128955181,8.589102433966339
320,2.2595764109826604,19.011010387031696,0.8901696505144596,13304.259414769498,8.94379594864886
321,1.5213614112444702,34.95681269251792,1.8617537691775727,3301.326571933155,8.334035096428973
322,2.61429797075708,29.093843343727606,4.547230546035856,14499.346173965852,9.493880151834594
323,2.179883898705767,31.443950824997145,3.4218208153777634,10425.640197848199,9.08594232420544
324,1.897490313917527,13.188816193869926,1.8463094747144035,14291.765202517992,8.712653790623417
325,1.4304932181710428,29.3360361546325,3.280464552236674,2569.5040510966496,8.121477438126696
326,1.4796554065335097,28.503622544705646,2.0174393866607137,3223.709311205733,8.192177108157622
327,2.782718432023831,21.224262039131666,4.7026058679150395,16871.823419551118,9.52435674722231
328,2.206377828705863,29.64311861585248,3.454027277271118,10802.418385847202,9.076032139668044
329,1.0419561731173694,21.42570256062605,2.745942537602178,1512.6093144408344,7.167213437536345
330,2.1577262324041517,16.421879905708,2.3754822310602375,13638.72320378325,8.801985140558122
331,1.8044468836683305,36.848428568505156,1.4515781784519401,6400.999845892593,8.99646340778076
332,0.548791439228755,17.90628825128168,3.6729520294425173,6690.811125371506,8.499487242971997
333,2.410707469624754,25.082429640692652,1.3710728806191719,13206.46838792818,9.239821387607662
334,2.484311360636956,16.35587412079905,2.4946394468533795,16370.225245231524,9.233955444981643
335,1.171682105985927,18.711623142163635,4.369861439462343,1815.203239205296,7.683087340437949
336,1.0339939836076706,15.945708624825464,0.9630230729180722,4123.7205558641135,8.460315210368442
337,2.1280016912498416,21.289862083134825,1.9160523539256578,11285.816829415413,8.762269536611305
338,0.8826090785264704,30.7214857677755,1.013088304445755,2763.8088322832377,12.354923764147626
339,2.765349843441622,14.785351566662934,3.1163321839161533,19256.640995944752,9.634937847516492
340,0.8537307532526932,39.85887023359459,4.5808528372775035,5344.838161773579,9.282330142461525
341,1.3274056038733044,13.18113440018113,3.820486785641686,9016.114405866203,8.105875919217407
342,1.9070870678818082,22.847431490574813,1.2922406769729449,8717.525324986282,8.575683584973119
343,1.4197039898647483,37.92378539285387,1.646580596790457,2033.747548985639,8.096722239882624
344,2.8687400657809237,21.54436593385627,4.873654224928689,17424.52057177798,9.623361698306743
345,2.5306598981052675,18.158383200870517,1.6426373040230444,15879.346234347284,9.23995831911763
346,1.9721869457281977,24.536907467707515,0.7287748159341454,9636.696867945382,9.188069994313517
347,1.985613615465296,36.528842052638446,1.165056663735718,8364.229766067061,9.296188658066445
348,1.7453727430907415,27.944084648612083,2.1357161149984067,6247.596636690795,8.584171008083898
349,0.6330109836958957,16.333107444934413,1.6444882889212866,1310.0024297540945,8.341158049962084
350,2.700095201077513,22.36437544977294,1.831326307883274,16032.965651682,9.457169668870486
351,2.681702819642989,14.000931536314132,3.0983043949742433,19266.61963590952,9.603466284724124
352,0.9138135713170075,22.009626128580354,4.894008879462943,3139.276633548806,7.285927326661148
353,2.4484404526137165,32.086808463182095,3.1388514234408724,12874.517877195702,9.394751938772012
354,2.6519851709228117,38.69093169766131,0.6421724194678512,15372.386339688657,10.6390992278418
355,0.7464985750269122,24.866671754233224,2.745987434460875,5761.187224465836,8.885779057390996
356,1.5303922769839162,15.226260208814196,4.532354675962617,8451.582744864994,8.0885852100678
357,2.94284463608257,29.31587525376068,1.5260743089873399,17061.66639963347,9.854342536266012
358,1.0555174298612742,19.347803637460473,3.817862725587634,1227.3025415432412,7.68792867458564
359,1.4929755007599652,22.45639323475467,3.05024286402379,4227.886080431989,8.142455576222517
360,0.7708938704489416,27.203881729788897,3.756033037011401,5769.763954514887,8.514333983878771
361,1.2721189148995078,31.17288118377678,4.265649992188676,624.8356833910262,6.359503769851496
362,1.646456715211745,24.03849023747503,1.477406232142085,5682.062035399673,8.336335699692928
363,1.826512763411021,30.525298314038444,1.2386208479601652,6975.2594373203465,8.863897130440462
364,1.8156240392094225,24.337167493581774,3.3338571073019256,7442.449927445998,8.474558112790357
365,2.020797389260609,25.858148043457845,2.860702346746489,9356.976403701867,8.773715622862687
366,0.7594307620630356,34.95104244684241,1.4037440282998306,1321.5011896642427,12.910681267867357
367,1.1421067311032274,18.584866169843213,2.984473252131913,1599.025312678392,7.700632608249488
368,1.7582364034229196,14.286154928468848,1.335893398641111,11786.530052950478,8.421821206361363
369,1.944328231119478,19.399289127340076,4.050171464022714,10065.698867019231,8.494840281482864
370,0.6666681362523723,28.00843557348392,1.6056466587915983,2153.703256941649,13.37482524507183
371,0.5665258438869826,13.311161471366919,3.4223083272568013,3295.642388566487,8.118975796189105
372,0.7841574892621485,19.104879217458837,3.868402593879536,4110.00318376917,7.406561135478271
373,2.4819367861570854,16.4653838853748,1.5312212375072067,16300.227699838346,9.23065997072152
374,2.0318397874691536,18.27614941190501,3.6803577290284806,11429.181894966787,8.600967184543698
375,0.7008816035773386,30.94865444525524,4.453827514228877,6980.704066951274,9.332246564869916
376,2.7558307723792463,21.289308833541057,1.5260349214638491,16678.78356121924,9.508514153726654
377,0.8657735084367952,17.1832949253727,4.618426072182941,2348.1066763802305,7.789692977674039
378,0.6431947576545572,38.01387890444012,3.2475144358621595,7691.414756312364,12.194558923511085
379,2.071681170697888,32.26325613163374,4.275921203559176,9315.770893376985,9.016688322034076
380,2.0372851179910407,17.241040038164734,3.194177959062785,12028.52624006689,8.615660117836784
381,1.8964820929858441,25.09485921487313,3.2338679161708273,8181.510163399364,8.60152319832171
382,1.7057770889599144,30.50567362713347,1.7595557818776637,5618.938185886288,8.669689030367246
383,1.4293901759092735,33.18724342150875,4.682174780823452,2296.6659769818057,8.011363813271387
384,1.7292588347727251,13.397411773458387,4.724333379675286,12567.20143898497,8.478667311071176
385,2.073487170801939,20.058069531799656,2.2738567630014233,11120.544683533926,8.664844786096547
386,1.8347275222161166,15.15793541467462,3.6144305681577498,11625.464378744051,8.441951670125707
387,2.8110452599250757,13.889720346029163,0.8194954868334453,20166.107948067125,9.763739890745823
388,1.2133851545282113,19.18383103701046,4.783069576008125,2048.208217886853,7.68508650552482
389,1.713551549380401,36.96390564980898,1.3067979651226267,5435.335308810203,8.965766959445393
390,2.7182164072432737,18.917615499784127,1.3078842038639837,17037.05199169205,9.45040766253171
391,1.0486751112394668,30.19003515131344,3.2979919663664496,2389.2877840348483,7.24502416039052
392,2.5180473370722156,14.85501616394098,3.2396204632541235,17560.609551992355,9.353911880494767
393,0.5470741534713035,19.8434833701263,2.1203209332291206,3741.0014919267105,10.303897155341724
394,1.2162141644174789,28.907547317456583,3.5565528409072815,491.42910299641954,6.194041629842967
395,1.3435666637604833,31.395146406532056,4.833804881550465,1400.5635141320647,7.3182270889566725
396,1.7063009552809492,16.071915038394504,4.2702903831739665,9533.373253938964,8.226875575133029
397,0.7145394717257199,34.78197288138946,2.203501737658782,5356.302097079482,13.793550126966096
398,1.8821874231544786,14.984310857296643,2.977738087978155,12237.802672209684,8.514165470811593
399,0.8067925257952836,26.94784828000962,4.38620537167777,5269.270071550928,8.342692611873238
400,0.629224318865159,33.67650665425418,2.4392810532817957,5945.799741774804,14.189767429986775
401,0.761101076678619,24.271212668390127,4.8421014218021865,5560.538909126403,8.120989851357516
402,1.8650188478548373,37.993825400761665,4.5438653139701115,6953.785016715152,8.882804295645592
403,1.093165205381498,21.916355238389027,0.8408572841277242,4908.694787666279,10.555255623421278
404,1.6928628778113948,35.11180369060636,0.5500864864171022,9371.65812164891,12.034150583627678
405,2.825543591026888,21.51096180303783,2.4569045923383834,17127.855592004453,9.579355397612344
406,1.6825672389868171,23.51832220041642,0.7597954133852673,6771.299915636035,8.973569718369218
407,2.8421120619917786,23.877920782948575,0.8561843967755285,16937.911167759823,9.705850141927984
408,2.3054645050621874,21.97370419631156,4.401585832453305,12775.412160564818,8.992875610305028
409,1.9109802438545151,27.299431093200354,1.9293134030050005,8080.133110295869,8.734830841486975
410,2.3773312435453944,25.510920195777157,2.6811174994915468,12815.902933568024,9.183558086300105
411,1.7190608362917954,31.99360829362415,3.744105397263346,5638.602370269183,8.64079876184581
412,0.8705989704543827,33.982127758230675,0.7694924117566218,6212.4267838065825,13.817862165785575
413,1.5902218842580977,38.584278089204204,4.750815777012124,3922.3129982091045,8.233536581526716
414,2.8729597970863474,28.093168951968202,2.476745198058112,16620.66977621339,9.734945243614217
415,2.400642068371625,30.19518724060296,3.622244042300204,12564.430208619431,9.308622729389112
416,1.906617412477658,25.144099892063636,2.3624641975163554,8287.29872749325,8.626634551783594
417,2.784672009063462,15.079696457525243,1.4033938271193704,19208.054092527633,9.641407278303705
418,2.3584165160499224,18.959995695486512,2.68026711299693,14138.111023322399,9.033236684368878
419,2.1839401730774135,28.058902742202623,3.4737504039338605,10720.854016111907,9.012770824969689
420,2.435327096778107,37.81192328215657,3.4793577420000927,12520.165311828398,9.477903277810602
421,2.284733063226187,23.50286702276194,2.431253554609195,12280.367355663037,9.018276680849652
422,1.8328072061815197,25.647569537388307,4.389757476590134,7431.8272985705635,8.54314796309636
423,1.0043801670650567,35.53910133497121,2.726389720282742,3257.1956492012314,8.497141149668694
424,2.4956771307150403,38.40562428272682,1.6922318584509963,13061.163782993648,9.59262635424363
425,1.7461884893151103,38.35424526024808,1.0197803528804932,5909.278283931476,9.481981093943633
426,0.5657416381201803,33.461757105053586,2.4263118193340563,5786.151144508602,14.828585776915052
427,1.8207605348981688,16.39031127313486,2.0402410881067734,10464.588136223754,8.360388657407901
428,2.6531682686355516,29.944294082169247,2.088277418775978,14772.16309090026,9.568645180561411
429,1.144796132708401,37.90357209050009,2.782237372497329,1556.5176803869044,7.084042107454529
430,1.6172497775551258,26.924377247969232,3.636326709215155,4924.417366205715,8.361588181567452
431,2.315698315828983,24.961092678239183,2.694428552576978,12329.48142655206,9.096302326074541
432,1.6896723127760678,39.48606802791908,1.0388358684349623,5254.400867716816,9.404628583491492
433,1.2405966696130957,26.12095564863016,0.6058550328717174,8857.967483633189,11.956998423268725
434,2.434780107511548,21.19373614691139,4.5929665741154455,14107.553032481923,9.135105651360998
435,0.5415270600621098,30.33520281479259,4.887758576157905,8999.347162758932,10.157890090026633
436,1.8686870233177597,22.038854300935487,4.376782073652818,8454.113038615944,8.45282322280672
437,1.6086299639174277,34.76466689551173,2.543463934396093,4278.2052493082165,8.315376058315419
438,1.3837281536063437,28.869572607197718,1.437822105498202,2122.978281579902,8.177233801517946
439,2.46199839841893,21.724587425746755,2.4766392650621905,14219.591358844795,9.17613400206364
440,2.968799944433721,19.452323292703333,1.0210226976556758,18624.858875848287,9.735157884112148
441,2.474097132155954,29.60487997394654,3.6211218108815113,13260.98024690549,9.371116413659049
442,1.9244594733399594,15.290570665062715,2.193186609782126,12360.085185653257,8.549680956887839
443,2.9731613659348457,24.9207846314319,3.977797572627854,17638.577875530274,9.785637903058511
444,2.4980837523759107,18.948318861747218,2.6579820615864023,15310.829207670598,9.194315674333117
445,1.7622760893277385,27.71571606284538,3.3422849324401525,6439.7323644401395,8.56288034716056
446,1.351849261739226,27.273521599402102,1.7980066244182291,1883.4192816853044,7.858908550805983
447,2.2215995639134563,23.53779182451708,3.0601059357027998,11677.681162749972,8.93454950037161
448,1.0999093419320634,29.334051792722548,1.114598767296808,1185.9984291020871,10.08666456811516
449,0.7855329633320622,30.71938862638182,2.400435896609773,5581.360116635018,10.447149167995686
450,2.226634284346857,31.720552015706772,1.8693191796675055,10877.6687855079,9.182075546749394
451,0.983256569128492,25.503731697500374,4.16215970597559,2791.8172890576966,7.353689506622412
452,2.799133716919459,22.579067114648062,3.761393023966983,16729.655492378042,9.560709757865647
453,0.5184736820940514,30.142272217095833,2.065823254606262,4188.700441601681,13.838467256222922
454,2.1092450919291843,30.203286502387403,2.9442665056199875,9821.704015221965,8.995325945020854
455,2.5254155555611106,28.479021822851614,2.41910935863572,13806.24765291126,9.408011580011816
456,1.8707430513196115,27.715476882538567,0.9164930461845529,7815.2094872300095,9.00533367897453
457,2.1664019573626954,22.73178600579594,0.7138771970346149,11650.79723460814,9.124391970822627
458,2.4358395571608744,33.875732942683825,1.0917766744868935,12767.718199007319,9.581829407452119
459,2.0497020371011674,39.687938789772176,4.457797621606261,8813.50679111125,9.142260037354815
460,2.0100689263320253,14.444153269502209,2.1073217092745886,13902.8821332047,8.725166522724368
461,1.0216636142989286,36.58834430759077,1.4711094337694526,2339.780135404015,12.575753526873005
462,1.2917787930714548,14.821691190570778,1.5730652864530517,6273.0481654594905,7.891593235338709
463,2.727793929611841,20.932111558290362,3.4613609278916244,16530.38811172217,9.460777678788709
464,1.645111913610063,23.54097359009733,3.982831436911796,5720.505749393859,8.261483733175485
465,1.1395165667925702,22.980739240315433,4.915515750512181,864.6826747390539,7.057046108107388
466,1.5961289955440097,30.369870964400995,2.265812459101703,4390.405168581029,8.352607734554871
467,1.419940851089875,32.47128649169517,4.181881170582424,2227.1712918455373,7.9844938694531935
468,1.8550667716216467,34.480842763205,2.5516562861537677,6987.360194983024,8.842235025919562
469,0.7879435968668156,15.31287780618792,3.669669099948101,2233.5520461216256,7.844139372136766
470,1.801217055091484,38.30946353037865,1.262492339854877,6353.244249219132,9.143304566918195
471,1.1785982947090217,15.885331287815621,2.449666571460261,3764.701474353811,7.7394312439872
472,2.3185367075559906,12.452901643464433,3.2000194149098764,18278.275040686905,9.37340453272846
473,2.357006146420062,28.66607119603115,0.5036480581195945,14629.197951475915,10.472534606054246
474,2.1250662986112063,28.12750112839694,3.8183459400342943,10141.72950341929,8.944052175814395
475,1.7658975060991782,35.08620476446386,2.0537124591315212,6015.813973135002,8.820248643469279
476,2.806432132500996,33.87616603501661,2.3925636958453214,15775.959911417416,9.77560354324103
477,1.6065325602167986,19.878867972223176,3.7356774779936894,6242.399792182924,8.094528696465122
478,1.1209582145191948,13.241495930696978,2.540292729307217,6773.365372282144,7.946528810856833
479,1.7463830825440223,34.46698425207582,4.610997416579903,5809.016091854926,8.714014571172749
480,1.6975519791051759,12.842808423432267,1.7951634553814821,13023.605754061104,8.51972048028801
481,1.3400212027332428,19.724812492416934,3.506900753385967,3248.8297411110034,7.856060576670158
482,1.6647812315080248,18.392199930466866,4.436970964822859,7550.153144663173,8.145909792196676
483,0.8062537957992983,16.60008430057933,2.125249574152945,2642.65702857905,8.02619391954367
484,1.5870699381247964,25.228478714929885,1.2777074957550072,4856.033527615941,8.361297385259062
485,2.429459520422647,31.4384578097039,2.045311770468299,12756.625080456986,9.38715120928948
486,0.7325348353098076,27.401468128734628,4.643562582529328,6301.271324060492,8.723230102810989
487,2.55427055788374,39.589095933138516,1.9001157013388137,13529.521155188164,9.647520214558957
488,1.968269192543272,33.870601851186734,4.85220473410544,8187.308548365986,8.94721725193645
489,1.251270133710194,14.090917943341534,2.2783332716951996,6806.034389423787,7.925037522681298
490,2.4031041318059394,13.346276595822072,4.453842024011609,17972.77499527042,9.357860475019477
491,2.4230413628864627,35.13950951624058,3.485100094114993,12502.709476472462,9.424160551573472
492,1.1366015879007914,14.599020799545217,2.5114143422617055,4797.534983201192,7.800385946741375
493,0.6550575491760098,12.433964904554838,1.8137336000348991,3855.1790496721533,8.0081381161626
494,2.9084614041494707,15.811459624112336,2.704353626657806,19562.56888884359,9.735591818768636
495,1.8150112057763217,36.911134382980784,3.153450914090549,6460.039373083032,8.835386571675242
496,2.0929590715827384,15.428192445489607,0.5163137842734076,14298.301966688668,8.974873374920655
497,2.706209501084052,17.897111794764953,3.137917811738129,17292.3375400428,9.437931486207859
498,2.0574291966986076,16.897460799184547,2.4980705195737443,12425.51620398337,8.649134004305836
499,1.6219568144541079,19.390436275216352,1.730069955490771,6618.191551878193,8.115921570015555
