id,des_dec,safe_head,jam_dis_0,err_x,err_v
0,2.3446523397685803,2.1259258364752567,1.7042774962440161,9792.068185385153,9.520406879484447
1,1.904129428070802,1.8681715405728203,2.2026967672625446,7597.277627063282,9.3160894162099
2,1.6510990393129537,0.7792962992461321,1.6433655519913417,1108.8964713616194,9.756498235053323
3,1.0109289819747027,2.9926836490416364,2.182448479343023,17364.275938140847,9.972196395846913
4,2.6015113955530174,0.8592847690598335,1.9428139863330016,1846.190715620258,12.369082550978263
5,4.994696253174137,0.7512834385713101,2.403540341223555,5708.299607657864,13.252724182210807
6,2.85557805722912,2.326350584872925,2.167457153445981,12357.255120200205,9.884593079062569
7,4.0363102051642015,1.9819125933184112,2.041148608272496,9746.709350169986,10.05856575815596
8,2.6045747887533888,1.89725259562025,1.892286061659956,8024.979392808035,9.688066834291003
9,2.2251758027190585,0.9218665308593511,1.515354532919365,1590.3535612527023,11.356450243213608
10,4.586035569220323,2.709904240038014,2.4845547596483346,16329.180419688573,10.329606988415119
11,3.776097173615834,1.1138755165649128,2.351430247990815,4270.787792569811,11.830301787845215
12,0.7901868438738937,0.5651071536523797,1.844421872825635,898.7084968054207,10.091593361567675
13,0.6372933380616522,2.5795978591532487,2.3021422735966866,14203.266454695642,9.519084608223093
14,4.9571915452767685,1.2951728360440067,1.752134222520135,3110.123264206389,10.212485431408144
15,1.864630650589364,2.0227212754761026,1.639347945941493,8605.68293144205,9.344957097144654
16,4.837736343862345,1.15610328507822,1.5323054434411816,1232.63262536719,9.280227609560963
17,4.631716417514675,2.490786693757317,1.6088643942198284,13820.691495543324,10.20265782727516
18,2.0494028042133214,1.2500078125862375,1.565569741112075,690.7296978225719,8.11105545467713
19,4.938123225452422,2.981561470055267,1.8490881655176925,17586.387330533864,10.431563514499366
20,1.2880369718597597,1.4734639477347187,1.5596242352316154,2524.464493144855,8.62425322140573
21,1.4912921377145507,2.223794052257506,2.479669807080599,11303.437933364214,9.385244257173792
22,4.03637413434669,0.7068061917508999,2.38736370988074,5353.4900794943405,13.246167895588732
23,0.8109704879587533,1.5751128041564915,1.5041539679812357,3523.641927204422,8.240242555343842
24,1.7413337031261829,1.5456383801248317,1.6845572357454746,3558.871303531152,8.78691054060954
25,1.477883225553832,1.456435357229306,2.3312727068110126,3160.5065410868765,9.067775679152534
26,0.7939682879283825,2.8320819828712978,1.9410358634650766,15940.304669133004,9.786087380511669
27,3.859134351931612,1.3043522952848223,2.3645943063671235,4175.276490919417,10.665068108884716
28,4.118862362554463,2.440815720589633,1.677541949975946,13357.074736939614,10.132615313181853
29,3.168794892999829,1.3801930122971258,2.255510009834848,3572.3894468582066,10.135781285417561
30,0.8561643690448446,1.112441194935299,1.5932266144226164,2121.0146153306473,7.646761118190233
31,2.6572472903801745,1.2252035190835662,1.7593977780206016,1082.3609041777895,8.617789510000572
32,1.7427991597137962,1.759110068522812,1.7398990973614223,5945.499829548948,9.168652089872614
33,0.6747792567028961,2.200864319695653,1.7566440297270685,10285.694758192152,9.124594503498582
34,3.427865363138922,2.4039640053267375,2.2426414788456603,13388.278119022922,10.075319428885212
35,2.7872471669763077,1.342812821386981,2.102080724078234,2922.4634348878394,10.06890401796352
36,4.442914660866887,1.7930175093082494,2.4181439565236276,8853.274725573907,10.30625406681004
37,4.132904407953273,2.8971379358156195,2.0789138212926614,17095.19557065864,10.320898734432104
38,2.389676689356225,0.9314174080725003,2.398473704726655,3950.7730865316917,12.832731288271725
39,4.907472685486145,1.3395087827477286,2.1332153473285165,3914.9129615186184,10.316419074863912
40,1.3923674739561192,0.5305493427530221,1.5283571762730919,1584.7306151466628,12.043905656987773
41,2.8355525737652783,1.0723392012271409,2.2775708612028294,3400.740401545181,11.673028088758644
42,4.762269917016842,1.8706700044665776,1.8495226040887873,8789.943702513589,10.104551065982411
43,4.221836437964182,2.0112198222342386,2.0317977774391385,10055.92139153556,10.06469144050927
44,2.7801756417733983,0.6456144711507662,1.6869489370827049,1043.9407916045436,12.646780979321232
45,1.4044818713724172,1.9151675975704492,1.5723169118318823,7373.881717668544,9.098349602976214
46,2.429966477326184,2.955991175090707,1.5921669127858353,16697.86972275937,10.10307238669826
47,4.261113493189058,0.6889874655633561,2.3545900784833274,5307.584831578554,13.273790861078444
48,3.614947457260313,2.799328884785248,1.828112270623309,15965.095782123763,10.164797763369098
49,2.837941740299985,0.5590821823124488,2.438508316040228,5234.513802831358,13.78481534826722
50,3.0940913978266154,1.2951760699392494,1.6378299642691676,2018.5971698990943,9.59880302793468
51,2.702507788423716,1.4315140249509657,1.5108485682791577,2984.309385836542,9.574201993604397
52,2.52018255712721,2.3099898341320166,1.5485473370276452,11394.70802055512,9.680968636462609
53,4.250058243916348,2.1808986026212795,1.5239673835224172,11006.831761798687,10.048922638931922
54,2.7517993505350375,1.008741413530448,1.9845800107799025,1876.0370248866566,11.470116237251572
55,2.4614219796628998,1.5946487989490454,2.3899138251491463,5713.15324452697,9.95689995088097
56,1.0648559001912286,1.1386093045958499,2.4437432145965596,1981.24071627443,11.547533991261641
57,3.8151265842385724,2.559570147387098,2.4295161178273172,14963.819609951579,10.206461179037294
58,0.8255893283877993,0.7446351658689455,1.9461364874345892,788.4246693453125,9.466301832863332
59,2.768075863545024,1.7394094352390892,2.458763120486106,7441.284657255073,10.014157300797015
60,4.328400937058176,0.8233269745361694,1.99780309935643,3138.2922250572205,12.451820897377276
61,2.8295077702047156,2.549031934034418,1.621415880982008,13612.658440357407,9.883487696818195
62,2.613067681535739,1.3335214436894156,1.9427967328046534,2554.364850275256,9.769306154612748
63,4.666576556099964,1.725831411795264,1.6028241114102895,7145.842702541483,10.115987096388992
64,3.3221496110459423,2.5017521033093595,2.4122721755169376,14315.067571234875,10.097658747515316
65,3.705186802517906,1.5639175800768492,1.518705966338283,5001.201538661363,9.993524491677428
66,2.683127388976774,1.5205231766756748,2.419058901143832,5225.9063515621565,10.01644421629945
67,3.33627887996809,1.693622847869761,1.7169080941709707,6325.999280691582,9.99316188471469
68,0.7033564810347217,2.717277357474722,2.409427160069179,15449.907354016199,9.665182592163966
69,2.6245295982043455,2.1922890222773033,2.2530219145225483,11164.251763504382,9.762747832803466
70,1.2714946820528956,1.9802542946259623,1.556319809224275,8009.768781326465,9.128286731303007
71,3.8133417475583333,1.9364048985118159,2.388614696486955,9717.524875509816,10.12862693415357
72,3.0452932172879374,2.9687616175114253,2.4103841416633887,17601.84833168149,10.211930264436536
73,1.3994033198701192,0.6886444517533725,1.6563811482902389,1164.0962430687823,9.914842692912622
74,2.0910121554490746,0.6875695607252168,2.376612386032587,4112.182748561431,13.520126224992449
75,1.9334616258752804,2.3305453759297294,2.3943540504452208,12274.053868058361,9.601996501215977
76,0.5705998710049158,0.641661908766394,2.491303609264775,2180.0394734923593,13.813872643138653
77,0.5185764676500373,1.981992466310146,2.456442217082828,8742.720467575911,8.879753986845806
78,4.167938445907483,0.7186173556212789,2.3250643878971577,5066.409392423253,13.257970507234308
79,1.866820013159893,2.6013610494285877,2.302507888607595,14538.432449880054,9.782819916925186
80,3.648059856076187,1.39575911002989,2.296700603920618,4087.9746768217597,10.116087647055549
81,2.8295749162754644,1.0166396807328146,2.0848052515091426,2467.0198813271145,11.717969718480605
82,3.256358379582361,2.7839282794091122,2.0850595015539968,15993.407362158687,10.102605946256645
83,3.0354282276247355,1.2126980828041638,2.414679128740646,4015.9513651961015,11.223001712026102
84,2.7358248661436586,1.5085654419821912,2.1199562944774617,4677.365680299203,9.92798889572706
85,4.788459526566946,2.9623572429035234,2.207981539149308,17796.60395282462,10.434562692849275
86,4.033131623525833,2.336755455327755,2.2934522852770027,13166.501846041881,10.183359335230913
87,1.2059081717903801,1.2544891944189724,2.1415613430912037,716.0366906542799,6.412434293052678
88,3.469015543517567,0.6861517676367092,1.7483341563033057,1637.2562694876642,12.519543471960926
89,0.7347120556349007,2.5390816239272027,1.5646304714730945,13203.371267537672,9.494486246968323
90,4.718274403434546,2.255111672566154,2.3572448486953124,12721.882043739626,10.240608846486515
91,2.823113859852956,1.7658468142165067,2.106249608849043,7225.629365086949,9.884591867751485
92,1.1339787922770646,0.905208715985069,1.637694831599954,2277.421991707989,13.534789500359212
93,4.178591652705752,1.8726720719673138,1.664034432360662,8397.81705467728,10.018146316228917
94,1.6734320864706154,1.0361922082957307,1.7019929486430336,1200.7751294370316,10.259730125867726
95,4.90480361517134,1.2263002808392216,2.3407054584368066,4605.837161158416,11.274327731133912
96,4.88253931165483,2.6180259975864004,1.931527572640525,15200.364755791028,10.286280441868353
97,0.6369931741565917,1.9518827567375927,1.9782151130164862,8005.095701937224,8.885599910911711
98,2.209338698306674,0.7306654530706667,2.3797096650416263,4139.711179823189,13.455681861329031
99,4.450756742256841,0.623071768208165,1.9761776746486808,3453.0986892178757,12.97270845151313
100,0.5738389025685674,1.6418800381541416,2.3696481170289667,5030.820641197918,8.352842590992497
101,3.762810428722991,0.9410235896760553,2.2221421163294144,3899.613559371512,12.345055188053802
102,3.109235043272296,1.5863508980947656,2.1789872255104124,5692.49374959279,10.128118901666998
103,3.8500634133159832,1.1586441444532896,2.3612003707928713,4284.7292480097885,11.553313129473054
104,3.5507130628741552,2.488363482545253,1.5501479701277312,13372.716722600555,10.037685154332097
105,1.9267719159586623,2.6237103132634303,1.8635279327678034,14326.357988190695,9.795515368476115
106,2.331225338355469,2.8752354508594644,2.340264531221239,16777.364120602753,10.05044308320047
107,3.1897696151389447,1.854903296540365,1.8279293943423123,7915.223377265405,9.856821837231008
108,2.4476636402344956,1.1246459677400427,1.8576947810995392,825.5856895622982,9.4377245034209
109,4.79126481056365,1.5834448877442346,2.491645847754139,7114.183867834018,10.532754840110877
110,2.230894598484194,2.501754235226679,1.5410040344840705,13029.821820223364,9.726903295803476
111,1.4765952153974609,1.2295893243252158,2.477130975091346,2686.313328211449,11.463516790743906
112,1.3078705279521383,2.3019855414310286,1.8979158651472865,11461.208398997178,9.410337977859507
113,0.9312143210912545,2.558118777006874,1.7939346307460462,13600.379483935454,9.56143378365691
114,2.9690306801533572,2.700807538153377,2.098710957093337,15321.140300444782,10.01756367584188
115,1.1286517399183262,1.7502597781972637,2.0719910046463306,6047.6798178064755,8.915669716655636
116,4.935394255875373,2.558954329496492,2.2966771085644115,15157.93397982237,10.325713340432058
117,3.422399289562539,2.447641409547452,1.8968050359307833,13364.857513221146,10.042950745907705
118,3.604834599727086,0.7228087770910934,2.1466514949758886,3868.4963931003535,12.936997747156736
119,4.802192379682602,1.175563533347507,1.6240775502096993,1511.3134176908275,9.5869988410588
120,4.782338177475252,1.9084408897413518,1.670200334694735,8930.464519569965,10.06881264570953
121,2.0835766674497567,1.7989274177799364,2.367957892239473,7235.218663272857,9.531445158813671
122,3.3749989330183596,0.5014287634043691,1.6841290836618015,1581.2006699948413,13.193789691371755
123,2.0773706699596683,1.3107368452629813,2.2745046496798054,2520.301960480648,9.923562237402273
124,2.0111956074582333,1.9887555250463933,2.06289852759925,8706.93792200338,9.412883199071242
125,4.272313497204616,1.8065784017466222,2.1154997453457427,8411.249998464025,10.163161507271717
126,3.74561819409377,1.9772061947898665,1.9965014081513064,9555.900553410938,10.017148306993207
127,0.7833664091493475,2.2197735308374127,1.645952231988082,10383.757231461614,9.174363061348874
128,3.283026957963143,1.0191720857749471,1.5916350828085768,653.4114225167531,8.454741391530435
129,2.6763898116226335,1.8455894611348382,2.248856349690065,8072.054554388607,9.826960218058357
130,1.336480934331445,1.0428375708129176,1.8619639076149221,788.4657029434775,7.911811590572227
131,1.7292506843937911,1.3206672011036709,2.3636054576977603,2466.358128814208,10.256922671490559
132,3.9418750542846794,1.4746012929012289,2.139642022351032,5216.6441097687375,10.346068188468132
133,1.71707776410014,1.7254935219116325,2.1543738832080743,5993.7062665331,9.200190703931824
134,3.09855179950317,1.8778286643905595,2.1373691423192622,8480.225408829829,9.916954367194563
135,2.6553007117152463,1.9728205212390733,1.7856812635868975,8654.791215026988,9.704105338115918
136,4.855328041562055,2.6008053421460935,2.2624143226359186,15421.18368990673,10.318668358946805
137,2.4555139234246477,2.988850136399921,2.4146685059214055,17672.117335336457,10.148799660100844
138,0.7412406493923791,1.989096078716455,1.6693842757131108,8120.836066607689,8.966903606006333
139,1.4022377984103458,1.136410421343985,1.7301912772826957,1272.0217071940865,8.585833454924979
140,0.6007705289903122,2.626018672800238,1.7676175914523924,14103.053503120524,9.551818062511243
141,0.6973420539388399,2.095770004497294,2.158738663973889,9639.34667789605,9.056087092887315
142,0.9626428007493861,2.3424297119348862,2.190659053002871,12058.509837437434,9.378079152191814
143,2.0647680134158857,2.2234548854592884,1.6282806109675476,10575.23965811906,9.476354919878514
144,2.36308501072725,1.0153430008845215,2.296017009381937,3224.7905117762625,12.161962888766558
145,3.137030041683775,1.4596806518802663,2.0986796715992377,4388.368500053748,10.15593149604714
146,0.9491501459993579,2.195767032042665,2.3062460265960256,10792.304727742187,9.208230637633648
147,4.696356255642688,0.9722741395138239,2.3970591383914788,5157.076774883316,12.71150273429647
148,4.0659590588712105,1.77670829210493,2.461629870775084,8527.490683565586,10.265738021086516
149,1.6662759042428237,0.6176629263305808,1.9254003896929306,1527.7236413652754,13.306675179044085
150,4.946342598401863,0.6033019686881489,1.6366729854265394,1659.6817103028563,12.711436771460544
151,0.6547116278107301,2.1776027793108312,1.8198506816839655,10116.130912126146,9.097128205744522
152,1.516683017792648,2.39424411477955,1.8377044548734414,12273.160736060176,9.537212513420654
153,3.5548637653327595,1.1300274576368854,1.9775394361180578,2101.66194197027,10.74249474254028
154,3.4938432331894225,2.892509683248966,1.6319012879470551,16400.074781330644,10.179651487353476
155,3.2455005231942433,1.9010772340191417,1.5087451807841694,8049.911725352861,9.8071801567948
156,2.5295471380433705,1.6649809701490659,2.265602706327802,6259.929161485388,9.922252551121094
157,4.661963382586128,1.4332743885244095,2.2453094407172394,5145.212616640135,10.306651372670514
158,1.0609360931524623,1.2362152070784918,2.3895636731471166,1558.7690869145104,9.979022362222112
159,2.9085878589649345,2.9128081195614888,1.5746859391695915,16414.90849165459,10.120117225628087
160,3.699805464920678,0.9881414619468407,2.3214684545229476,4304.890394998342,12.422332471714014
161,2.4788719145507194,1.33792974748355,2.0024570496478438,2550.6423724706033,9.795161557041917
162,4.41519515744579,1.2900552009383544,2.046087708788653,3177.4288457787657,10.308946643930595
163,1.9084706682114432,1.3750214976853823,1.9240420737308614,2181.5495557717463,9.111220700501416
164,4.942939784134492,1.7833752014657493,1.729244362969669,7944.572607009541,10.160564243710034
165,3.3177718476092033,2.7856192067763135,1.8138199258692311,15758.33754987521,10.095266410077192
166,1.2629489943118224,2.7613872526477596,2.388515811634463,15851.400768131627,9.807468797995401
167,4.682664597385406,0.7589395470246997,1.7670589006167692,2045.8628060178685,12.46023720319134
168,2.2877175977761635,2.1913417067720333,2.273290948600687,10962.746505897612,9.596872781899917
169,4.908562391940037,0.6831662396962602,1.5717881298151382,1150.4795799519297,12.32421991639566
170,3.155260981238349,2.3708392589573686,2.2838370803630936,13007.477444961416,9.999861461848878
171,3.290608585587747,1.200014235526468,2.075994352920773,2430.8325243345,10.478698442086396
172,2.947871390177329,1.9540166163564703,1.5154047981644294,8359.437553083799,9.734182055609951
173,4.327730683944475,1.4022968683508525,1.8001673111032006,4144.025593750503,10.166754000505048
174,3.374159788478157,2.696975818246149,2.018671974997678,15347.709465148753,10.093522726331392
175,4.776125218411565,2.7120231375701467,1.9209262544413748,15835.048556517964,10.29337668230771
176,3.654057151307975,2.6160498168533333,1.6885538444785912,14554.426770400194,10.109108608702496
177,4.668281443759408,2.822900721588783,2.1418507876716104,16783.793618394888,10.3505500585821
178,3.695084103047369,2.5566713840075903,2.3872122872938064,14858.83753185661,10.18344025435614
179,2.9768895218643725,1.4623697985441835,2.034863474997456,4231.5811095285735,10.004886766474705
180,3.725735447778566,2.932601821473321,2.4380547325199147,17518.604351378614,10.294111701422233
181,1.5438887514240385,1.1580187710936403,2.468964017192684,2875.9034022412834,11.892914463123553
182,0.5396970692243201,1.5060071952417926,1.8574060797351155,2999.376482813117,8.085047584907771
183,2.0593488797357367,1.7631813677919004,2.1336372051081813,6575.01964470987,9.446746197989352
184,3.2726271405018195,2.2544614711180753,1.874721477630387,11657.42933018228,9.953799891374555
185,0.8811578518118097,1.3179548782634076,2.089586659072453,1107.199501573295,6.653809751927426
186,3.1315023493033767,1.950310928042113,1.7894355627635428,8748.974329892004,9.851864316946912
187,0.7114738782648478,1.6262543180230902,1.722554979542739,4273.044520115841,8.351053672132073
188,4.5962556986059795,1.9744692013092293,1.5565181858370867,9331.925755236687,10.02044004621332
189,1.6601724063568315,0.6565258102777745,1.5354831356189056,1495.521635366734,11.873871456491239
190,1.1914636988881373,1.8931522760516204,2.312810179508209,7811.930117994594,9.039199363794667
191,0.7878033402088814,1.0974255625061309,2.3416573793510573,1007.7224472843326,9.348639617840377
192,0.9008436132192968,1.1920849267514653,2.464967289009303,1670.766230439902,10.457193705902673
193,2.5097352772518238,1.3410732549511608,1.6408924838515568,2131.945245073233,9.609494542706363
194,2.916335128167261,2.9993595429888504,2.290298879387633,17679.577017400632,10.208138977562413
195,4.621511179303461,2.2713880269292437,2.144204284928174,12593.547921878051,10.203610032344052
196,4.707042866562808,1.9831796310143228,1.8757626153812532,9855.414078461086,10.07987989187793
197,1.842482363726908,1.7529637038230355,2.4468555579918583,6663.653060530496,9.375174993106526
198,1.1822250255177054,0.8503307925177634,1.5996458371528866,2256.7208176192294,13.626798133969592
199,0.781480022204142,1.1013862371039127,2.3875842029540806,1208.175419242387,9.932701890980942
200,4.793204729611702,0.5715639622620459,1.9815345378636713,3675.854857554943,13.145765781280593
201,4.873567381282835,2.148550923978212,1.5524196251110394,10969.332092360291,10.132048271212039
202,2.8862958219359496,2.9558816377581167,1.6732260790238649,16808.01432927179,10.149867375673084
203,2.9395813959143045,0.7206042796270788,2.3686275945087916,4656.100122308492,13.42773745575471
204,1.2657506956495022,2.54109567430059,2.4021625897167054,14053.82932424529,9.623987579972662
205,4.775407431571677,0.5269394515015609,1.572865213468675,1383.6097058997964,12.702124799254928
206,0.8296795051026844,2.1103902504692567,2.0275950558131672,9683.421675207064,9.10823636285775
207,4.833738223886514,2.3488517818678556,1.6493022200008665,12740.12669714504,10.19006751440614
208,4.135378173981078,0.8269958407620086,2.2852455418167774,4640.248339400709,13.023873025385488
209,4.097731314140967,2.1950443848722196,2.2249353238284706,11901.279250203901,10.154350284221522
210,2.4606646221430544,2.5895272683807735,1.9167239150868687,14150.037036915825,9.854879327567405
211,1.1455036191552597,1.4660530821894984,2.2375606034685824,3052.1630195960574,8.700165439246947
212,2.963176650390963,2.449473118061429,2.366768007182956,13646.46032656611,9.97413066550316
213,4.998234825703704,2.8034388686601988,2.103490622615765,16701.01508896607,10.369170394365284
214,3.5361737302760297,2.326047434924275,1.9826364224971185,12499.500330788605,10.046147822911736
215,4.213160985332736,1.995989474319521,1.5554469103008022,9336.043049239384,9.980121941694309
216,1.085983230613139,0.8465786359227824,1.762703696840823,1412.8913513843252,11.826227045239984
217,2.4831271717241483,2.033998943618003,1.9845868389284185,9338.929990676022,9.648996657018968
218,1.6442904373657052,1.7445293529159174,1.520657275927244,5559.26611684967,9.091125350580235
219,0.6943541966286328,0.6676972819282507,2.2671510529021224,1488.5043400029845,13.26041934630273
220,3.8442245085264224,2.945499096395329,1.5618271773225008,16755.63880506072,10.241093768934434
221,3.5306884517735506,2.970451774144414,1.863422113542768,17167.319586337268,10.245174537475787
222,3.5089698474013185,0.6807847283702102,1.6440302365219375,1103.448750509782,12.297221279963832
223,1.8338245088690424,0.656282633107466,1.7191567719541607,723.6691000160057,11.820577608630755
224,1.5206832316906056,0.9685466408535166,1.8680715992362642,539.5412272952024,8.293257338278277
225,3.195515402524933,1.1664814283873965,2.2316905395356206,3230.762713655528,10.99826616345078
226,0.7262007963629856,2.6244290128681182,1.8844925968022137,14214.691942780037,9.582172760844667
227,2.9751666291569188,0.8212101295268679,2.3991104807295205,4627.547260232031,13.140418539941026
228,1.8581234393648058,2.9753915517996474,1.701354055292529,16889.711744009543,10.062050627788798
229,0.8290250405887646,2.221044324566282,1.6515022727351287,10408.07283148806,9.188405467841267
230,1.8979646043056944,2.528189126913404,2.3446701922426905,13963.174767724517,9.72782034676083
231,3.9935987750455286,1.6521356389314639,2.049729033599491,6815.179855081223,10.2260464842844
232,0.6266522378114995,2.097845209540882,1.7006710326289967,9221.993152888652,9.02444073915445
233,4.971113144464907,1.0646298157193743,2.2177901756294336,4164.125175217471,11.770358938685446
234,0.5407728680162668,1.9049530251607574,2.262154922546131,7765.459240530952,8.785102718629034
235,4.1119905900891265,2.4691138429867374,1.959914999946467,13891.759982350293,10.17139983732578
236,3.754249518555661,2.335548040307825,1.553132179266459,12226.03375925099,10.023451388320732
237,1.0720124185502984,0.619371713983484,1.5598235552930837,2086.27835510207,13.932271820960352
238,4.360973732009631,1.7617401261686967,2.3833951152605573,8482.98348015988,10.302229604466369
239,4.978939526318052,2.1282982076833408,2.202631825406725,11610.466669104659,10.204365122201903
240,2.9250898346412884,2.308490986227807,1.542320633338597,11559.450198944305,9.812454079222972
241,1.780961582319629,2.2944250970873297,2.446782796966378,11971.89823712844,9.535248472590556
242,3.8433553435049546,1.1531372472046229,2.1147148788345254,2993.2912723664435,10.852092428572004
243,2.3088266185233457,2.4455775082434528,1.510619788049052,12520.911994208265,9.694897057956295
244,2.4907768973365405,1.4475716522713127,1.624017990463142,3163.783299041307,9.568145614099674
245,4.384117383158835,2.8943868906700514,2.0666166608465195,17130.589863944748,10.35066401137974
246,1.480644987113028,0.7634740915702649,2.3631452635888452,3159.062422004295,13.314549674353495
247,0.8338843615113112,2.3600230252114294,1.7738836910771787,11816.823467245707,9.356129705782175
248,0.5859405118021092,2.7882724940113746,2.2222403549414333,15823.524450075143,9.702266066027311
249,0.7574462614452052,1.2006222600937992,2.3971447645152093,1030.5194266904325,8.060391963913053
250,4.42129054666824,1.8971979007896542,2.076178044287761,9254.544828017006,10.11910396344842
251,0.6368284768251204,1.6740542952971271,1.9161203189445701,4969.593945890404,8.4905033192844
252,4.573286264914888,1.6001804801056352,2.121446854053099,6679.783858232084,10.395496965449999
253,2.2836376643277947,2.086185077330656,2.3604248510424184,10105.169470127374,9.608422896680434
254,2.8051897013062694,2.9683268222238173,1.9847976753333547,17168.481772417566,10.158785855852987
255,0.9570648963304693,1.3014149997773412,2.0149726728005595,862.8447830100667,6.2223007865663735
256,4.665181100231827,2.418859173194747,2.3274294319672952,14039.471770488395,10.284395353668403
257,4.116783625435118,0.7473386431854868,1.8148500050279668,2154.734408643998,12.492400517527159
258,1.3858920547411264,0.6072975904778367,1.8108314252346114,809.9150390524339,11.982988457663856
259,3.500024459462918,2.388402364152017,1.8352976845343003,12838.97916730885,10.027728263297455
260,1.6022713047848927,2.8951698433308932,1.5060022516410885,16114.077365230542,9.963067415036939
261,1.8599334224843531,1.673274863173358,1.669877945458012,4983.63909810534,9.101491595126413
262,1.8770999755681235,0.8984503096778297,1.6657524217374355,955.5336091222555,9.175250538436561
263,0.5746121629123304,2.484476271547674,2.072524599827653,13160.741025900536,9.401886039433252
264,0.6118426494657985,0.975606269751411,1.908013714503408,1868.9919211740648,12.489290792430715
265,1.171212982641459,1.5205170586844412,2.46426844018104,3908.790006448668,8.660664159228334
266,2.8492987237018284,0.7022086267978627,1.7773680613366785,1435.1992916609247,12.726428717972114
267,2.9542933692219577,2.129549427634702,2.485093687266038,11119.049406391934,9.938663966746388
268,3.6564511529674655,1.1289537043594509,1.7645645417077729,1056.436370640972,9.786165119727146
269,3.636239845942388,1.9189549556206043,1.891492908660422,8843.043460303918,9.974713560286832
270,1.2009107432866908,2.645329915419552,2.067038396975934,14614.818635366684,9.699122092286165
271,3.1737122077066733,0.751654297028657,2.438668223766556,5084.842527339517,13.428324295031645
272,3.2424441941924464,2.054642740484126,1.9516685686918496,9960.46566581883,9.877030386782765
273,1.301790623768845,1.3099774683090464,2.11685613536661,1191.8213265501302,7.793707202740808
274,1.29990175864971,1.4825382639595672,1.655996244679553,2714.1232535180147,8.647647102846003
275,1.7979756966439362,1.761879638780611,1.9641494112760371,6210.551448831776,9.226867841579047
276,2.4330424620663065,2.7780167558535487,1.6994212042836532,15466.163011766334,9.96607219722891
277,1.260764565866456,2.8379412019079977,2.4883482962490984,16533.856332949836,9.878229731592356
278,3.0689277422826007,0.6212624325631941,2.0359515597632587,3166.4906289141472,13.214412953653257
279,2.48364768398741,0.5665337212633921,1.914033330366563,2245.529467714904,13.383280684373002
280,4.301197687898943,1.9207668179655943,2.396634944893275,9849.985156056417,10.182539108375355
281,4.0441921810095955,0.525390680551618,2.4737640003126318,6074.161442069855,13.604043171041658
282,2.576762044100644,2.405263449239527,2.289989035931565,12984.179691771791,9.803175311541878
283,3.3324425322031237,2.888768086284563,2.266798713614538,16945.230892535037,10.192282784273731
284,3.48042915231188,1.248625744837159,1.5782558745566542,1804.2801669252483,9.625667516757748
285,1.3275057665827337,2.7088627792959485,1.764968810543205,14874.488936373627,9.765340971923607
286,0.7993143326502765,0.557021326645911,1.8215650530920966,959.5174414652587,10.043756248396631
287,0.7718607907807888,1.5237699302657512,2.10238789491778,3483.01299666084,8.265742630221366
288,4.34695936152779,0.9051676290357092,1.9810571585389272,2887.4376196905437,11.869631925557755
289,1.0675668427473983,1.8064731059927557,1.7524961124508665,6340.212450267843,8.88584216157487
290,1.7713897756831782,1.8512630964840242,2.2834548301969995,7467.9112719518835,9.266015897770247
291,0.6829088355788897,1.2002124295247059,1.8979755614054403,764.2604957386687,6.034887492307528
292,0.7922186682497329,2.99758039476588,2.2765876607887074,17457.98756150279,9.94172430530333
293,1.952305116215764,0.6404051662215283,1.7210383631496762,790.1694708837484,12.227408491867392
294,4.850853593910765,2.1759385380527485,2.3084024310128592,12102.380552606559,10.256089444578286
295,4.315084286521268,2.2040719537702826,1.8578499104640138,11608.312590290507,10.12422479422496
296,3.348779192999862,0.7736650996028006,2.411981312611334,5024.610489797998,13.244370290581292
297,4.4806263360497525,2.5537418150495244,2.365972140184131,15097.042363261471,10.284647399971146
298,1.7505189823000742,1.069472912630208,2.0801416642548913,1348.3775961032457,11.231009670275766
299,0.8167337777220622,2.0630360406217374,2.2232401970833267,9396.45647657453,9.076452344039996
300,1.1559524457455883,1.648920222758759,1.9148071269296478,4789.683734454813,8.702942754573709
301,3.958265249970567,0.9648952600312123,2.2932923852734937,4324.336417232708,12.519225951302829
302,2.976762018366688,0.5529693056896641,2.085571702315757,3508.682117472828,13.48799747140627
303,0.6968041458137556,0.7717795211482671,1.645239282468136,2744.5483645980403,14.763919862737817
304,2.4819875253245884,1.1966256786233833,1.5004764150281034,626.5273378846099,7.9383503128981765
305,4.114252086910989,1.361815704197235,2.0152933106252644,3922.534315556958,10.191202835416021
306,4.275505919427012,2.0735371008127377,1.8744797122427852,10446.68753669008,10.04779963566183
307,3.1936862062273557,2.7980364387286665,2.0145075286232803,16022.11825180422,10.101673727830145
308,3.430061077517427,1.164191448257601,2.187138065519262,3134.401747698515,10.881360421365537
309,3.667113197996373,1.5724224512220049,1.6973266979301322,5298.180781318118,10.06555401877761
310,4.675792874377259,2.590039904921299,2.344085634475295,15391.85036475465,10.307422004049172
311,4.992531045418226,1.1011072102828159,2.1989047879073325,4046.307336668286,11.548708156943805
312,3.9858128960691506,0.8089455090648469,2.240402914875637,4374.18534746596,12.98465479841981
313,2.6501084923125022,1.744395019300275,1.6524122587249308,6310.6379327281065,9.685285175058727
314,1.4424082137335776,1.8505954133420484,1.8321723375576033,6947.359456038194,9.062862694069107
315,4.844565981983067,0.6208361904800159,1.9665521392388499,3528.1581319867378,13.01595452127214
316,3.6650916103102977,0.5007372106081502,1.7018022892770635,1804.3244035043033,13.134935091108906
317,3.419444036135901,0.830649772751026,1.7375263722152536,1239.9297822681547,11.93109980518932
318,4.79445832541363,1.3653031429917362,2.027642554404399,4140.525076330579,10.288014979544352
319,3.4547039613469943,1.3657263259400618,1.5371828699401113,2971.240582624655,9.892024009720357
320,2.1099058830226696,0.9190315611106024,2.4960278854320466,4220.7547459233065,13.009468639769253
321,0.8255310656129912,1.4291951641107132,2.4030686414422187,2713.899240760826,8.291452751459103
322,3.4612916838915977,2.7764848715553714,1.6136356196856947,15527.608650438395,10.094661656677234
323,0.9762172688944516,2.972972907477894,2.496862795223304,17503.769357165012,9.951900019168136
324,3.5763495792440483,1.621702153171965,2.499810819329781,6839.874043296159,10.42196180661674
325,1.8902324002009339,2.3730076822109107,1.9183732747931643,12201.206561344883,9.597064288649403
326,1.5956838043630843,2.928917725959637,2.33724484160435,17103.57571903767,10.003480383578786
327,3.140632496445906,0.880285265301793,1.8944193233442306,1877.9274389504694,12.061717641817213
328,1.1660893516530726,0.8250877326326995,2.4193496713521414,2828.9505114038616,13.127017005173267
329,1.6809559065329511,2.432950768205334,1.6794344029994406,12492.794848047304,9.588853304678375
330,4.5717160476161345,2.8796996933380523,1.7634527417807775,16767.808900654785,10.338422182763594
331,4.961891895508019,1.7474048793806467,1.7596670312931817,7658.42569370148,10.185644684104734
332,3.6897945258849165,1.2600409593712252,1.6272675173731452,2129.1258106065693,9.802826538947196
333,3.3207449801317286,2.025748571101934,1.5145808210878369,9266.280614246805,9.803410782200512
334,4.19292561188861,2.2492424861783435,1.8159564800464292,11923.933718713344,10.104320817529787
335,3.484743394518309,1.4126504865399325,2.061467173780464,3941.585636716971,10.02731545420447
336,1.6973119332589255,0.5777259418206824,2.138013657132594,2740.110350128346,13.305339771345757
337,4.34693693598847,2.675752871058455,1.560135049639669,15067.606730833211,10.207717452894622
338,4.713306314467806,1.676550946126898,1.9404026937466932,7139.036632855917,10.258487526833537
339,3.091603256877125,2.5080111486837158,2.2869092663367394,14089.487638886932,10.018703789751704
340,4.17322414185206,2.14087302019734,2.2793093936990454,11509.849117248712,10.150640225730044
341,4.3308058714769775,2.0794521400802224,2.188506502459975,10889.344736768755,10.116770159247093
342,4.141694252942845,1.0906467830296056,2.3613182842037705,4541.516200798274,12.029306083252695
343,1.6806306247958953,0.8606622371314259,2.1562279026665263,2153.772388251108,12.965741672117483
344,3.05868066766938,1.8163628624590171,1.7322434954748305,7357.539771058557,9.817090835210111
345,4.2285149545346155,1.6913319228949888,2.02161648184116,7252.779838060112,10.213412209541207
346,4.9260448401348365,2.935134602853709,2.4853985219099353,17926.44223858765,10.45585550115533
347,3.577501021521288,1.9759651442304147,2.48443886699946,10099.649445354273,10.109572582050228
348,3.3031797171010995,1.9539633605183262,2.451780603398631,9680.999061112994,10.05343635674393
349,4.628839182296293,1.8912598561141518,2.016105754255371,9185.987148504877,10.126548441365113
350,1.306048116558078,1.6788927640749933,2.497217973981109,5732.544644218536,8.984687269956506
351,2.74756517106544,1.9867151824901743,1.687420568238093,8724.372315311477,9.711969642006878
352,1.785806099597525,2.2215157348557413,1.6483615409961865,10537.783577411803,9.414480751642808
353,4.590416278934426,1.5937194199793998,1.6495066762705057,5874.984324505462,10.230737851294132
354,2.022991285951872,0.6998866955957862,2.4502513364364593,4387.079395087044,13.59166633152216
355,3.7488746189588618,2.622397039465918,1.5932631909250459,14536.558037925755,10.118311505271803
356,4.492150870226885,1.8103331792661135,1.595751928196985,7827.56107340932,10.044717598488857
357,3.174004083732061,1.1261105036663448,2.0978705232120314,2564.2488717867877,11.056477851781086
358,1.1351956725058192,0.6106584131941282,2.3105048860986974,2752.102577298782,13.55590140364278
359,1.6885586186670567,0.6086461320982659,2.2051948437487647,3003.8645212048195,13.288464416327422
360,1.9656794759737057,2.401572144350347,1.8376311730701256,12391.383073655825,9.623534029245413
361,4.2580836492581104,2.714646086230732,2.404478260740271,16209.179430701071,10.289576591685226
362,4.539286198201609,1.7965906429325205,2.131557072445729,8425.999249562816,10.188865041014141
363,4.272182555927412,2.997792517524005,2.4698509370675277,18169.525526160643,10.417184676976644
364,4.464786451928051,1.106397045936871,2.453648607541451,5132.129704847513,12.177186230534945
365,4.219686198509952,2.1569632317685263,1.7790334721041252,11075.452862200767,10.074668651386803
366,2.665975733013266,1.9264149296603004,1.5911533349736269,7993.654893720618,9.65891413706936
367,3.1543530192304106,1.8256162004165575,2.377397626991722,8345.423087806977,10.041469866950532
368,1.2501819975906698,2.0812598352238405,1.7568997517226985,9207.61719530426,9.213783259884197
369,4.665444669800522,2.7512436375928084,1.7376445812397745,15866.639709644687,10.281523460798692
370,2.2182612312540737,2.3068782925297207,2.1604666209182684,11880.711600290668,9.635822036638944
371,1.8239471079328147,2.3405614247394597,1.8200237759526665,11807.774460461134,9.557502831834388
372,1.324405878138155,0.530563266010851,2.474830694007193,4012.799963223619,13.860522385827869
373,4.794257125654178,1.7728959279783454,2.3987588537315987,8725.256526759158,10.347222173430227
374,3.1434645904546774,1.0911290344148608,1.9117016300108731,1581.8578509248082,10.648435059551755
375,1.894715567666633,1.7129196972248129,1.684271704355389,5437.345412311318,9.177088688936243
376,2.005688422634229,2.6686841095079363,2.0384256038177497,14863.785575870783,9.842216835723223
377,3.640462958042877,0.9440058583867534,2.037426486350717,2807.5664213911496,11.897829836720772
378,4.9570716541275095,1.3394327493430322,1.8165062628629367,3695.0572292079064,10.194108284797561
379,4.423995258643362,1.3154373240684676,1.9142412460497664,3322.3498826368555,10.241295027464348
380,2.515620693966104,0.9439268770450424,1.502223568504238,1475.5507331923257,10.506113431123458
381,1.9906617090226308,0.7570234968266111,2.4739390336746943,4347.724621581107,13.451537623481368
382,4.921952713681082,2.391542623152744,2.2660626738162355,13799.867606235073,10.2953469111402
383,4.982210569729105,0.9460994251694095,2.1474903063238293,3992.10763245729,12.285345940154079
384,1.9856825569464474,0.5713038027480986,2.434477368891187,4544.383645419511,13.843720812812549
385,1.365132262991823,1.1518519147386708,2.277922129080368,1668.1579530715385,10.992618669294723
386,3.64583885711688,0.6729316215839649,2.0538987020847435,3473.4581488622234,12.973301165726236
387,3.170579121605048,2.891151866081657,1.8910079146929992,16588.150579369267,10.156230851129154
388,4.865316948430831,2.219598531571611,1.807678042949081,11888.993337676493,10.191974241110472
389,0.671018240376901,1.6003723622476342,1.8427614384552697,4084.3054073405165,8.242518290260238
390,2.441094231619317,2.867202495713158,1.7361335149601813,16178.846770888862,10.040322385684597
391,0.6705879489830446,1.4740841272174425,2.2277382749040915,3014.028855256554,8.197368979443972
392,2.092987784560015,2.5474436978824455,2.377287373507272,14181.257302050128,9.780469828062621
393,3.4616919399303874,1.5371752920550485,1.9267931602662556,5116.4861635143625,10.126902663715065
394,0.7030229610084819,0.9323782039254989,2.0233112787795013,986.0351426128253,9.71235973742162
395,2.2785036346906056,2.0465605916268728,1.6846619829513707,8990.693071108199,9.489512327129045
396,2.6166395758820915,0.6752715213261369,1.5084478914892407,946.5679389929297,10.022034950776524
397,2.020902328686577,2.8184864777711622,1.6916247057682137,15735.668083377994,9.951939521653346
398,4.925116858009733,2.271652736443642,1.7654032542157454,12299.672046992222,10.199118134963781
399,2.809940297285788,2.726067326800375,1.510799228053368,14937.599677757727,9.971721036142467
400,2.1781711604144807,0.6427650110910637,1.5832667650833505,784.6136820742494,10.911736499566423
401,0.8092751805218028,0.6148969365623997,1.8176022958684839,1081.3153718442777,9.930962399330468
402,0.6197726469882403,1.1565234548750698,2.410327522219296,784.4977777287874,6.893041027411662
403,3.9798532554737576,2.4358866774959815,1.72486780107047,13322.707934718965,10.11695171861584
404,4.411885856365873,1.9189599928465069,1.574623353795662,8793.233268124884,10.013863174092842
405,1.7105033715548374,2.9183744661641935,2.32966748636069,17030.269767025642,10.009886949678167
406,1.7097227162350708,0.8147468389017503,1.739181128443788,655.0340861833957,9.405452357979756
407,3.6542168790627185,1.9892684536557805,2.324926809888905,10043.09472194113,10.071840660923513
408,3.696855455620786,1.4703832349613664,2.2454795851894103,5045.95188650109,10.263949858105525
409,3.7968275059089143,2.5138568162288513,1.599015585637364,13711.724936583163,10.09572058254335
410,3.864979907838552,2.4754644195713844,1.5850420415177315,13405.944056787941,10.091181144766841
411,2.8027983843819713,1.5580170686479686,2.3485912784275347,5510.757413880522,10.063383103068217
412,4.4918721087981925,2.8534006491801427,1.9251445483036513,16737.00321957134,10.329698022347719
413,1.528364928028687,0.644770940466547,2.4589992378549987,3981.0488084091708,13.602900873225135
414,1.1374250113972972,1.0570108607883983,2.406583029856222,2154.0097767162124,12.183133073003043
415,3.3853589679603675,1.898990913892254,1.5184146252466895,8104.300715588771,9.8387436803705
416,0.6735169742065279,1.0462556687406042,2.495570773465251,1574.016027941132,11.29198723320228
417,2.4522579290213855,2.8746991093832,1.9988600363211426,16472.677647692537,10.054497525030227
418,4.623496057074958,0.8537450520102309,2.132069880971139,3944.9562665022377,12.703701740356662
419,0.6811965104505342,1.8863235505987237,1.8966385600697273,7254.288895605402,8.815469416577299
420,1.0348539799158332,1.7644015689912953,2.3516291818770214,6454.557096290718,8.89486285544869
421,3.5780733914463663,2.4248547096708384,1.7194698781994875,13044.414484022765,10.042362665172698
422,0.6811117967051865,2.30000063563701,1.7199247530358983,11190.353783178622,9.242611895924819
423,0.6201506203080243,1.9777220894355763,2.412904206948191,8679.193681006791,8.920133299890615
424,1.9192189756423883,2.772943400172413,1.8217423611914771,15491.10592462133,9.902478625931659
425,3.0037121243131777,2.154114005644418,1.5301829410436614,10225.758698709693,9.76296566080332
426,3.1509796633717326,0.5028950569693909,1.8264828842556504,2261.4926390256974,13.310534003699125
427,4.3012663625468885,1.0614744016844875,1.6861147914513843,964.57409181474,9.920149149251202
428,1.2394752089866174,2.965136338017844,2.386482746016474,17375.486313834917,9.984398350460127
429,3.1195999931443827,2.0207986913192606,1.7127041063402122,9310.131925724261,9.797187889657705
430,4.197060004509687,1.7729310579589388,1.7591343532185753,7595.423895878899,10.060395908974991
431,2.0538257486511258,1.497052302021991,2.0542094653819762,3783.274606565821,9.380345773799558
432,3.808373202048685,2.450589874145492,1.5140678614406862,13111.042824942497,10.065014340049967
433,4.509544210726103,2.744610810259339,2.3183350208446685,16387.083689468865,10.317127269193598
434,2.865543218222747,0.6140752403630909,2.008539458444104,2903.2136936990023,13.24197303781408
435,1.5901069555603489,2.858005274294183,1.5907593993116635,15909.640651310063,9.930608336959533
436,3.589510202605544,1.4895481980205378,2.330876410382605,5230.4780804584825,10.245352685844468
437,1.8617500314699238,1.9503906060898095,1.8034240987079968,8031.261623846136,9.302535259864271
438,3.3279358029492814,2.387022180530271,2.287432236195571,13258.719311133445,10.055559108300354
439,4.725063177942861,0.7832342823216518,1.581038639877432,989.9086351319328,11.723608478451713
440,3.858355918351494,0.7359278342533505,1.7844177067069746,1901.3057121293912,12.513150639265346
441,1.9801132467262146,1.763020721266563,2.0465230812427397,6405.467009440548,9.370760180547117
442,3.091738929716117,1.8283297293585472,2.1122853213737605,7972.764283616667,9.933025829308713
443,4.811291195958095,2.7323940946907537,2.2403886276797103,16334.881840989814,10.336737149583618
444,2.2883519158540357,1.2466143230892055,1.5959125935388414,929.5143959570133,8.352823552816206
445,4.574366458243404,0.6233178429215703,1.736997823075922,2102.7887777699507,12.726845246780872
446,0.5240450664813225,0.7002258855639429,1.7232257277104837,2613.6081075288357,15.045675974510662
447,2.6985544192854483,2.2752441952390203,1.7862643424559614,11409.698817678087,9.753315258341841
448,3.6784044345505706,2.3755743574724257,2.2565332312286985,13276.606413239762,10.122517356047252
449,4.681705451720932,1.4897030904006536,2.06466238182483,5544.487179794501,10.382357306593168
450,1.377639523649714,1.3701484286576955,2.1611747059842803,1956.0186089727943,8.576339114942112
451,0.8171479137536393,0.6505690393628206,1.7631192985899387,1496.5490515844538,11.841572989816347
452,3.327580087151365,2.0056784970336072,1.7978157573024052,9415.769431718085,9.881111248838756
453,2.59159488859689,1.7600052654892033,1.720807015990243,6466.678940808276,9.635218352704062
454,1.4950648095146697,2.967516545238652,2.362959046880868,17395.056484037377,10.021699625061895
455,3.793396719590437,0.5275571504655131,1.8503857030772437,2657.6502720699195,12.970537128385546
456,3.2806253205067315,2.8953791294720324,1.8239126225831686,16571.276778230764,10.16929493711403
457,3.2745994737556616,2.933339721247696,1.7800744358421,16800.72025804549,10.190827192112517
458,3.1030309077816343,2.052625799997176,2.211447950542395,10190.697956498085,9.896923011671978
459,2.94628533619735,0.7957803731929518,2.1371877222976527,3284.1967681090514,12.718315569417049
460,3.3347145319420597,1.7205573399381417,1.5171415620470925,6333.34642020729,9.898754560907511
461,4.811411287713124,0.6464943288196668,2.1223368856645504,4344.63130449849,13.304747717050684
462,1.3580777880594648,2.2478858628325034,2.2233191766617972,11267.082850521529,9.367412742988266
463,2.3583558444394592,1.240908953275226,2.4225701264588073,3491.7568097543754,10.947208600275724
464,0.8356571641363099,1.8789439801424588,1.906746406856766,7214.388291129539,8.86798212047743
465,4.286977304625635,2.2199549668708585,1.8629198431975516,11746.679047736201,10.124691020497046
466,3.0596767799198923,2.103537650165511,2.0490846070984006,10429.402336719504,9.868052735361278
467,4.970707302760056,2.0193109968117957,2.2366274993352633,10714.729943780425,10.167041841948528
468,4.229202986926875,2.4293914743271388,2.2252899524341174,13904.692754728838,10.220012262232801
469,3.0292111567324946,1.9363982406654983,1.6325899314502295,8380.71537240834,9.788493174619123
470,2.5004848969207143,2.0838515948388325,2.194689861013491,10048.79273856341,9.681122131532524
471,2.7907917668939497,2.364877774320556,1.7894717365845367,12224.328551940167,9.818168467700108
472,3.762154654584941,1.2921501546036422,2.4294932293950158,4434.6305847577905,10.96152541678079
473,0.8405005763322834,2.320349096674323,1.9398159933091743,11605.498688157579,9.316209010914244
474,4.072842202109932,2.55412977485765,2.0814873136150576,14616.499833268861,10.20220994235536
475,3.5047849359142806,0.8605074812474218,1.6324110759223431,718.1928132048478,10.974648617085265
476,1.1203133526085893,0.8050381593563989,2.079518393205319,1155.388185103643,12.235146307420806
477,0.6642189117296489,0.5699560067103664,1.5619266971598467,2838.912092355987,15.655165192305699
478,1.0896854303749004,1.3151717006601156,2.1370119913354926,1195.4859241572192,7.257454294480884
479,3.032094655064711,1.5018627644026326,2.2214598360483424,4921.314855304125,10.095249191298873
480,2.8882001220521065,2.629943036371841,1.6691117714386043,14334.518082961928,9.948939630378304
481,4.201123293282215,0.8639192386121617,1.549272175402146,688.7413078314505,10.619579635090588
482,2.28063072628717,1.282324314960641,1.8143584975468026,1524.8612143266644,8.872964446001857
483,2.561339860434352,1.5464531235991659,2.0180595987941197,4772.113979405323,9.775185710047408
484,1.2414974003830999,2.2182147701082546,2.0501802669323066,10807.987951505906,9.300280973114884
485,1.6846290007965639,1.4257571041969082,2.0408790015334604,2628.2458272114504,9.037198079963707
486,4.9107220100689455,2.1221048308329884,2.4125323080088226,11809.526781079943,10.233025892222892
487,4.966102705303165,2.1824120052361895,2.2176461662791023,12073.603259647349,10.247064112637414
488,3.4578162353107187,0.995195816757315,1.580372542160347,646.7135589952021,8.78650482862907
489,2.1354396710368495,2.8423791344754274,1.775362035309803,16002.065968682791,9.987418368593742
490,1.6093040663350078,0.6214604613044348,2.0159053913463727,1917.0644099502895,13.469234699777921
491,1.9848117698204577,1.9687772454032377,1.7193393793474676,8160.78676007155,9.344860772667769
492,1.2932714990655558,0.7791983189037861,1.617151860409048,1780.4635575660643,13.081997397886513
493,0.5414500252551153,2.5424879714471396,2.226760624886212,13799.986188948966,9.45267016117223
494,1.3243073948074633,1.488591175898351,2.352485660649219,3483.5792999965024,8.876482905715998
495,1.0948048889890873,1.2475237026278396,2.023719764064436,334.13662565658115,4.434851910315475
496,4.824488581948223,1.93655740128138,1.890952152336125,9484.678635031014,10.09692826502413
497,2.830413656713131,2.1617504109048564,1.5302289065410841,10212.202947318661,9.71322522036645
498,4.557418555000392,1.649737021756919,2.1621152477444756,7192.684380072593,10.341050015996265
499,3.627466012917458,0.557549601637156,2.261758735811067,4786.605366928728,13.528781877634975
