id,max_vel,sens,jam_dis,err_x,err_v
0,20.764239256325283,0.6020727822925694,5.0783116276674045,1439.3539736195535,1.6180793989651427
1,32.63594260970251,0.6829009100232294,5.477826265186624,6661.912581064201,3.7348079521929507
2,22.711281082007872,0.5566893817512657,5.123718294562425,1405.2145613585533,1.881873946840428
3,17.57568744000858,0.7155772594347897,5.439261917733157,1972.5105558108276,1.1943477131834583
4,25.75312612792529,0.6045236759721264,4.78001487802998,3482.995483457469,2.51038525893426
5,14.872303799628034,0.6483074696654486,4.628049806918773,1675.2323016567518,0.996054593052563
6,27.130912254868843,0.7719508837461361,4.52256564859909,8423.512217263355,3.5604967973347916
7,33.889286917119755,0.7376440076185311,4.528236950920091,8961.788768131799,4.11787782710677
8,37.360268430200136,0.5638343316823872,5.1406009472774645,4250.823830022366,3.513227123491533
9,28.885834768683925,0.7614137127488995,4.881412191611681,8295.195931655573,3.72625457692103
10,34.22902950550785,0.6492359779431323,4.846309950755428,6519.640985574373,3.706013784428763
11,24.422013187027375,0.5760127206337292,4.636078865702025,2391.591269026683,2.1806351259806838
12,26.499471163322568,0.5423656938596997,5.098325221983764,1940.628514400945,2.3610578043349255
13,12.707722305251075,0.5993539398355581,5.459187815256782,5739.81091325075,2.026012487652421
14,34.85360992791878,0.7634187675347262,4.767908774176917,9471.892516658118,4.323495039874039
15,30.596608289897077,0.6739053156988796,5.39116358298417,6129.335125933458,3.48736428278607
16,30.586944013032472,0.6190968952654596,5.233236472622753,4752.256585041526,3.205976522177506
17,26.85178346424428,0.7668653022226628,5.3058226617144175,7576.694721502527,3.5003795204028934
18,31.250500165619652,0.6660771205034378,4.975498267550432,6369.495858743451,3.5150783052930916
19,36.36226901148342,0.760335025972341,5.1669693215402805,9264.263542321627,4.430726192318989
20,23.606707545667177,0.7798914661966982,5.489374447611329,6702.253970730592,3.0751253671034733
21,33.0696213929715,0.7228037988265411,4.628571322790235,8400.662647223273,3.9726449406640563
22,29.49104388923834,0.7597875086857476,5.481933486241619,7893.515546141009,3.787536255868049
23,20.742684296132218,0.7242772170287555,4.737971293386366,4750.833217996597,2.191159320589146
24,36.223507474778444,0.7596491688608273,5.195120210936716,9208.583813581328,4.4166537774552
25,23.9990044195443,0.6323663250868689,5.258758418417558,3357.3785214940963,2.3693959560369877
26,35.40547208002381,0.6631852662946158,4.535902860938345,7322.045162794884,3.8750504890445
27,33.670909599666814,0.6533043539395375,5.3388223775025905,6163.439024584401,3.6784010737571786
28,25.551857867556123,0.7629628774103863,5.145650631164805,7253.8645488460825,3.3024357413035292
29,28.583862631342786,0.6127945250854102,4.8767122405644745,4395.170910502186,2.940943146769988
30,34.29607767791371,0.5782293894753688,5.219874311835172,4216.422984453187,3.3479568849830126
31,23.414740254837177,0.6752203998237721,5.03951289978743,4446.458768030158,2.4912966982028206
32,29.964464051584432,0.5539749842298115,4.984887560383215,2925.701628197305,2.8037351243865225
33,15.481105452206615,0.6595107771995296,5.282090437636189,1095.986131728968,0.6891585368308455
34,16.771830371508827,0.5388153491854771,5.085639071694898,3385.1245910340263,1.3164668123000924
35,12.510206422076566,0.6279465110491728,5.222824289024608,5234.451138371698,1.9394593522759624
36,35.98766664085079,0.7662302844922548,4.832665963834363,9627.546082869112,4.42899026016551
37,12.938231327554284,0.5860452056218265,4.6207039470118,5258.120544863586,2.025076395766415
38,34.48514131097375,0.7719013438521423,4.531193910743129,9809.88194923247,4.332021019226002
39,17.281341042712747,0.7606061084395659,4.513319182564231,3612.5888638552997,1.335872483828103
40,17.830609065933686,0.7778277100895411,4.912712822399392,4044.133349693106,1.6377972947714707
41,20.857942401705436,0.6153530229951613,4.591902557267687,2101.606638844119,1.6797799619751528
42,39.10305667392696,0.6408146294495325,5.274180022526506,6586.609315887176,4.0324408478916665
43,24.420478352043375,0.5774291577733566,5.258641654968902,2095.4395242396326,2.18561715953688
44,14.326923468481414,0.7378957927882384,4.933906396252785,1083.156469656473,0.828104497620043
45,28.796611382161483,0.5661147626471499,5.367914237569305,2827.405750266922,2.7278470335812433
46,16.913050833785277,0.6631194111295304,5.293428053651355,368.6932677674577,0.6400252417351029
47,39.61479755349254,0.7673386211309964,4.8267761646468035,10068.811772302324,4.698588748525727
48,39.00362858427317,0.5318543000218189,5.352061512125522,3379.867504203044,3.466259625964453
49,21.661753304956832,0.5453281286767756,4.519436881418305,1281.1030176335994,1.7265935665500645
50,16.27211332707582,0.5397917961606307,5.056814583698388,3665.9031062059553,1.4360279991225613
51,32.52457812839719,0.5972303966133993,5.45516815214815,4337.980373542691,3.287163092941871
52,22.89545226491243,0.6378563674390275,5.236085208902757,3108.778647625162,2.1975735001491548
53,13.258031898897938,0.551594046503312,4.738481633865986,5795.89076104503,2.158549068745208
54,18.767468225039117,0.5427780621151237,5.253045110829101,2322.8567815924384,1.317551656159547
55,36.64093061176989,0.7170572813915391,5.4318149573649315,8105.572477293485,4.242526077960119
56,31.39160198630942,0.577355267652943,4.835483128381949,3964.758766484429,3.0717373848832876
57,29.565290331845073,0.5943984433057979,5.407542432680509,3731.621282808516,2.9614622755285316
58,21.3881188279436,0.6257527312393133,5.1275785032993655,2230.2271256923764,1.8366286652788673
59,21.680452375903595,0.7423551820834192,4.739671266030403,5648.256613033187,2.5039969514923017
60,32.406677775910815,0.5594500121510642,4.525387183535147,3821.7573748599043,3.080664974784829
61,19.819588641753146,0.6618789142133739,5.284356723416446,2249.853639576051,1.6312379174543101
62,28.971515661357383,0.7284533319768145,5.094952100565023,7377.464039210598,3.579071845227207
63,21.080387861661446,0.5209623190088171,5.080251785958466,2079.572220276764,1.692959970745899
64,29.81082442122343,0.5916078956028491,4.526090441820103,4308.2125106840185,2.975053960909502
65,21.37167147050404,0.6827251430246075,5.099232525540803,3721.335992626403,2.1148565248035003
66,20.38173023168535,0.7063423594611107,5.061811986704878,3847.0989728158443,2.005226766252575
67,18.482290348056925,0.5470010473601803,4.956804632449103,2088.1753169061044,1.2608853443393109
68,22.085176836398503,0.7337511685875755,5.221632488236991,5228.405768389202,2.544734908702267
69,24.655860251455337,0.6647099712650304,5.074491101059079,4587.21473544543,2.653322591220253
70,13.221513630208456,0.5904910819662192,5.462900093017932,5319.872682997529,1.8962959377886288
71,36.032361071251394,0.7482109324421176,5.304355238812537,8843.071569695652,4.347176901783684
72,30.873913361955015,0.6452905246498915,5.387312654757641,5426.949634975106,3.370915239083513
73,28.02570304397615,0.6270819093041436,4.845991819564917,4694.60799684676,2.946464675155595
74,15.436615577433187,0.5335894840017585,5.419686057192962,4746.811027671202,1.7113210771468372
75,34.18279493734512,0.5444428751728084,4.778118923274432,3473.674976573697,3.166391125161972
76,18.485589093185155,0.6287924030261847,5.200108531834009,816.4411226744566,1.1326820303041971
77,13.793323176395262,0.7797359502889201,4.931857661634853,1436.9553141408678,0.9403424695978415
78,33.95841349554573,0.6854286578584246,5.000140140474588,7309.3719487732615,3.8667291100838077
79,16.13173900558726,0.5765177772772788,5.163707676435222,2722.1879433673785,1.1171122739042374
80,38.80540294827203,0.6305228548110672,5.177654985803383,6343.276221204353,3.9586989392564806
81,15.314697116351077,0.6212275068225639,4.9347110576977915,2006.0293413276747,1.021692994192284
82,34.1288046796393,0.5936271156027041,4.547631870513975,5135.496140947798,3.4124830455459447
83,36.49021041003746,0.5655429683618745,5.165482232698712,4177.60587152451,3.4583391752888355
84,25.538646632461607,0.5977925291926692,4.997200220897989,3080.5389433885534,2.4450583572315967
85,22.489134646502976,0.5795412302377099,5.279439384976569,1575.8972703756706,1.8827603402023259
86,29.862705567017265,0.6065593379087949,4.68455739533965,4642.882532257677,3.059827849223544
87,27.005928077711296,0.7130905289456122,4.781861830217378,6785.779215520103,3.2613491082018116
88,31.14737650360378,0.7562333931127793,5.124852026209518,8426.013218054157,3.947477426559456
89,21.54627569277006,0.5356470304369333,4.5399381594269705,1372.2377233897626,1.7207524196633917
90,26.71393101374352,0.5542124661930716,5.06817175813577,2225.466931587375,2.4209025389645564
91,12.371692679609847,0.531654931325636,4.623473113285863,7269.705705404653,2.6062700468446884
92,16.58803475353061,0.5403184024874286,5.272367194042118,3599.950405568317,1.3474889236461003
93,32.8867563223796,0.6078647256025048,4.5865606641962655,5331.152389720404,3.3755780871216285
94,22.890320343147877,0.5789934683351581,5.183518854781018,1707.9931178734053,1.9477874651579177
95,15.358938451413113,0.7611146656574475,5.078792449705876,1494.0842664883942,0.5745630316106172
96,28.951145855995016,0.7588736380431887,5.152882511265396,8025.7919799052615,3.721922145611354
97,24.17963342279467,0.6227633853905932,4.53284008680926,3688.541166420985,2.351571007744214
98,26.78527393743755,0.5973022775458795,4.929605884723802,3460.9424430489344,2.6228368738924543
99,28.501601544205908,0.7126059221687949,5.342932486665358,6692.669072889985,3.446366853720299
100,31.270395829855705,0.7583398743990661,5.229501846365573,8408.554710300656,3.969856867674447
101,37.796615730801676,0.67421583457631,4.947735199631952,7578.957280662067,4.11306236613086
102,30.376242129227148,0.6081977731703523,5.042097110909992,4532.384837691458,3.1257947871983878
103,16.15480345285573,0.6233183428013565,4.572695835781963,1117.037074828796,0.658405027720473
104,35.32317706527215,0.5551205077126619,5.1231055688169045,3739.439324189878,3.3147620816881114
105,21.852371160861217,0.5814057562559689,4.891697329684876,1531.9318435458656,1.7783575734338049
106,30.741571028009865,0.6304235096631207,5.05325709664459,5233.629251847235,3.281269337361372
107,18.924679113092946,0.6736485887662962,5.416442089389935,1921.195981226389,1.4373339233728633
108,27.859637553383116,0.7780589942231313,5.0042253787612605,8323.99476587419,3.680669053811993
109,29.41906054715409,0.6367679081716049,4.637621897878141,5459.916979427573,3.168525620497681
110,33.8790727025606,0.5646694143425082,4.841270248414657,3996.9991136102035,3.2421879746150113
111,20.89558287758483,0.6648187085814463,4.933114734141766,3152.0452920623384,1.9123700830841557
112,24.076965899029577,0.7031217084683024,5.034570943726412,5418.171558278088,2.761957257242013
113,12.96870352229441,0.5780055458116391,5.321267288892426,5829.84000663924,2.0676014567838594
114,19.701668498488825,0.6277074477746954,4.628163530835464,1814.1736187619078,1.4543959002178786
115,33.20073375824151,0.7380112732238844,5.356486985776169,8171.516676862156,4.058190252128255
116,26.90910431422841,0.7547410862140868,4.678767660699198,7842.060776420246,3.450869703935984
117,33.2812993573926,0.5395623047194046,5.012119420039265,3065.7404772362347,3.0638529577434306
118,14.146333395809599,0.5633144967182628,4.797837511327574,4581.095546448928,1.8017569943130474
119,17.952326125222925,0.5413547872264491,4.855483391772166,2452.0254098793916,1.2397486508495894
120,26.922019642668644,0.7522140765662755,5.4616235630153716,7141.66660576633,3.440570796586608
121,15.282520280286809,0.5787626175457417,5.387876052263889,3503.039420027144,1.359885543808064
122,38.11797742277966,0.6619547446874259,4.837701238182344,7385.602067167125,4.073393432346122
123,16.602763064525256,0.5955263424417319,4.89064801904621,1641.4849292646138,0.7771990268637171
124,35.9905918377015,0.7472476749592785,5.108104088087284,8978.32910784656,4.339249025653511
125,32.65064924920632,0.6203767680757114,5.032297069594516,5313.739823229289,3.4175737260618315
126,33.80127116805772,0.65149026689675,4.710998704719382,6624.75078338387,3.680564122593736
127,22.936306561781763,0.6692714160399469,4.805185751486963,4285.686364290581,2.368759367731924
128,38.04077555909045,0.6859979728203758,5.231242320236901,7679.4860228386,4.190319356209585
129,39.193841924165824,0.7498657805377005,4.686046405235397,9767.172353836806,4.588159246140637
130,36.24842813961594,0.6608951804334116,5.1492063103014,6877.935408421792,3.9298352527444633
131,16.203934312122964,0.7308868113423822,4.976267163842179,1625.7525239002618,0.6173656133167137
132,32.35575034785943,0.6761929930240018,4.6827697923465985,7072.349889123086,3.6745670817224374
133,18.499478774028375,0.650985933735251,5.356093209171134,1163.5780210314929,1.2035155581737853
134,16.078649284372318,0.7297128848980428,4.755106535951276,1726.6757877581983,0.5218896025269169
135,31.994537864124062,0.666204735463418,5.001900189645605,6487.409556554098,3.5893280720535956
136,39.16785569368818,0.739068307796299,4.940258643727902,9305.880477656941,4.53444033653559
137,25.332571099624566,0.7761183519130679,5.3119904599083645,7344.777254249065,3.3322267623410835
138,29.956785687903636,0.6959368598436391,4.537960985429391,7252.178768470832,3.529593757174249
139,28.91406945739751,0.5775609437122511,5.282230442023315,3198.4749823468815,2.797898209003068
140,22.831873909940718,0.6685191089420722,4.657743519732586,4343.766168577203,2.3445280601788254
141,16.845702815904268,0.6951879605487608,5.241211179001038,1058.8931092062135,0.7522727141969936
142,15.205931524075083,0.5794922910304153,5.37995812135972,3541.7460722680776,1.376147357374348
143,35.99586133293678,0.6611102934645481,5.263580944232498,6761.809923737413,3.911307256033076
144,21.368871721351994,0.5466724259093495,4.8053430277989975,1290.2529889692923,1.6832822882357237
145,16.531274920680865,0.6374292330286302,4.563083151427662,701.090708055888,0.48799853613730454
146,39.94726942034788,0.6575561637432432,4.871090012235159,7444.270629169539,4.175184517914111
147,26.067032102104896,0.5958812274612482,4.650183963683757,3421.5819975936292,2.513729549352738
148,34.86524745771452,0.6067200980656757,5.046596796068499,5257.73863423663,3.5404938213767263
149,35.55126372886644,0.6616972537990892,4.8556730906010825,7038.959163762333,3.8791500222212383
150,32.29733726196906,0.7492057331723374,5.0104068747860095,8563.720214560308,4.02759544019197
151,20.431131947465374,0.5550723253213141,4.952522609279968,1279.439165612807,1.5322155330389684
152,20.863573569297067,0.6001379979654019,5.219771339988287,1390.6853952673948,1.63352587170516
153,19.999281121486963,0.7509437140831292,5.093068390570685,4688.653628052891,2.1470274656984802
154,12.540938016119867,0.752766956646543,4.841860965137526,3001.8236307540014,1.424226708767376
155,16.481669681165535,0.7785900590746533,4.7087743409549105,3179.732652885397,1.0928151335423593
156,33.15937528997868,0.5317454274688009,5.162740143599133,2771.5359662292058,3.016995910711455
157,39.39959206432181,0.5331234406398818,5.325752051258176,3467.575168227949,3.4983660792651143
158,32.63545857317578,0.5364555177798669,5.244357744191602,2783.1080517143414,2.9908711203158287
159,33.98849132142003,0.5843676076149747,5.402607673117909,4235.1759843968,3.353119635917523
160,18.80365055684674,0.6092084205194354,5.424428691574999,858.4133786276541,1.1934835983074004
161,20.879896609902897,0.6618631556514639,5.166555148818976,2891.8430034368575,1.8938028618157607
162,21.79591558017485,0.549836220332607,4.842051849589896,1277.6269088642607,1.7440934053672414
163,15.45550708493619,0.6547890391065632,5.10467662060614,1136.184766639037,0.7321644934783899
164,35.28188750340843,0.6012647212923361,5.010566148012096,5184.241614731143,3.5462453627305575
165,16.12188560226918,0.539565923895604,5.355018214723118,4005.496313060043,1.4780335105460416
166,18.937579135431157,0.7449482234699099,5.281944726780605,3749.4294705527413,1.8172963911303726
167,36.15390683020614,0.7753820299493475,4.957932465270031,9736.875351725634,4.484549043112017
168,31.310243277325593,0.706816191777615,5.357689419020325,7116.539503972088,3.7255827500696204
169,33.182835304591435,0.6094037564807181,5.2127784744504675,4957.103703180229,3.4101675715375346
170,29.02887060658532,0.7129290309072985,4.684323337893132,7355.445702768854,3.50977361668969
171,39.251110992643476,0.6149048268900936,4.892731462532013,6168.124020214882,3.9072583239889322
172,34.38307224897226,0.6419228065330371,5.328759693699655,5972.265068683849,3.681578944055363
173,30.758220162225506,0.6515763308907042,5.2449410089783175,5678.861782736645,3.390915340478334
174,12.57936049464606,0.7042365892581355,5.365619307075847,3784.886573099974,1.5610712989334807
175,37.43480167724256,0.7032442555111985,5.1525616929134515,8096.345729480131,4.233303056093488
176,28.202566623401484,0.7110599598364478,5.048335871539769,6818.648863019678,3.4027228160086573
177,26.120188655999677,0.7750292731430775,5.267485107016772,7588.747319229474,3.4394940564192864
178,13.881796322876562,0.7448688364539731,5.240017508474079,1357.0004186385875,0.9485770546705868
179,20.720051587071325,0.700161385667742,5.421514477161228,3597.9269805631066,2.0556276517472285
180,33.68591716715536,0.7698637731805499,4.675317596551641,9524.403173056875,4.252961876667086
181,15.501789047207827,0.5849567374950824,5.486709161483923,3219.6636485872777,1.2432489006033227
182,26.550663557463068,0.5611307623036342,5.053392522275842,2354.7177745461317,2.424952733765717
183,35.17336129491741,0.6284602147277856,5.301027941231755,5736.312996646361,3.677759899185433
184,27.35744889310437,0.5942966954787328,4.852060079815438,3577.403754960689,2.6856047197301156
185,39.92308371195766,0.5793932396805603,5.485743096540858,4783.062604273641,3.765253532155845
186,28.35635092389319,0.5795808929583818,4.549885910549693,3607.519281589179,2.740090477733301
187,16.167339593625265,0.6744597585200555,5.409105392525953,202.2853690960918,0.18810132003377458
188,32.087294190499236,0.7142164644927667,4.532739252368351,8113.033722111032,3.8386206380912236
189,32.63435919783777,0.5220481546540876,4.552897021583043,2744.110709863671,2.931636772341015
190,33.18434165302416,0.7735751287534676,4.6866695678256285,9518.511464026558,4.225046663015342
191,13.785501936927862,0.7554881950505516,5.213843696328511,1373.9315400160513,0.9590796408495744
192,15.145697771206883,0.720354651612259,4.642307048578443,1107.6278341218615,0.5834174262142646
193,13.363017322982312,0.7366280344374869,5.107667247600834,2070.775801211014,1.1402324174158263
194,39.10334558760499,0.6518394268106444,4.777635181776698,7275.889962043582,4.089542360166684
195,22.52172002471837,0.6035869969294637,5.306612633910917,2055.2082245488127,1.9683472829179918
196,25.771416857868036,0.6171284405431888,5.194994474082876,3554.50212955104,2.57754043397238
197,20.8187383915959,0.7654867792864066,5.3413084234258035,5268.481012558127,2.4297068557663564
198,24.343319478200613,0.7798503348888511,4.9000229624306995,7448.768177217684,3.198325528055247
199,32.64405034933609,0.638976059724689,5.133041835023753,5760.795191357708,3.512008437227702
200,33.8455461634062,0.5413098410391685,5.107282738152297,3145.876171110757,3.121969887082106
201,14.041601173275199,0.6946044644046455,5.302960459713235,1922.3649272437158,1.0473288362231974
202,20.20719520491584,0.7415903124264196,4.926407306681164,4723.363793150873,2.150842332220266
203,18.172330909393835,0.6014327008479241,5.082324842205751,830.0517264423912,1.0395090173734038
204,35.20483987240598,0.5414170136747493,4.782062629658123,3523.798065785779,3.2363754564126754
205,26.226148569998674,0.6806978231714863,4.610711340223508,5878.453531109305,2.985798381945028
206,33.881381816206186,0.5848908039848703,4.614387744923455,4779.185576944748,3.3465209746508724
207,15.372524849371464,0.6531635934178877,4.535799225694827,1132.9659947413331,0.7787152901648239
208,13.490691203009538,0.7691233896282368,5.175434932551439,1602.0829995428185,1.0284274901211257
209,12.681601411674,0.5540368482776509,5.364739977963994,6794.773188606903,2.334389984666819
210,18.390390177406175,0.5929090348107128,5.17891531117281,1007.9216486180056,1.1008395553984782
211,19.55143112835548,0.5711979087588129,4.590711172837659,1024.8488093068522,1.3630440390488414
212,15.33016330424293,0.6621207174067552,5.424249768316821,1272.0959030694166,0.7400957579378188
213,23.302609671855322,0.6440875134479439,5.295728969631314,3391.4815737588597,2.305345171963446
214,22.41347578416663,0.651715514302006,5.439012714045277,3144.5257046587503,2.1740569221580004
215,37.07557658207481,0.7718745810718035,5.367822541725264,9430.673479957619,4.539154524544146
216,32.80549586460981,0.6582541053403648,5.013349601324687,6405.548439961906,3.625575131630356
217,16.410958234062445,0.7626148502930308,5.165370213442965,2338.3343756242252,0.9562474411964418
218,21.51739482085906,0.6910383764317751,4.901032494854336,4161.083421905475,2.19185895030578
219,27.292855342903756,0.5782821424864806,5.075706268792863,2965.445928816768,2.5978659208474495
220,15.85357933724049,0.6967211555849048,4.887619694284427,731.433114962515,0.1903473418865274
221,27.529125591145387,0.5502021154342622,5.022711910027451,2326.8616168174935,2.5073560847959135
222,13.453397254046958,0.5414673053749937,5.494415243658551,6353.645515422766,2.1753812170933418
223,16.35735100409712,0.6738438028690632,5.252197356311346,196.71607985157127,0.3490347609738005
224,16.698292380979304,0.5678843410436062,5.161170320664206,2580.741870426046,1.0297857665352308
225,20.789870891108478,0.7588793259409727,4.982804293684248,5394.62857414632,2.387942286272513
226,29.142905709758665,0.7308266693885884,5.471514895557236,7170.130656714216,3.6102895590727466
227,23.2461395513034,0.5247271704115151,4.971419233605285,1582.414987260856,1.9499170431356356
228,24.710349109766845,0.7475022657275879,5.449982403159265,6388.4283886021285,3.0997555853531473
229,25.517176891814877,0.5270025392522397,5.241149538618133,1690.660556274168,2.2202272230627265
230,15.658439173762078,0.6575444078946485,4.91553312409588,828.6142807927191,0.6159876433661509
231,25.38845210603558,0.6376659227888476,5.366872774144659,3886.4568442514656,2.626744508994811
232,28.369486664321954,0.744671872692736,4.551009190039709,8080.171732042167,3.5863041984447226
233,36.29130748748581,0.6835259150598798,4.664113996648322,7865.291177825308,4.0481216949539265
234,14.7038624838354,0.5608312312883326,4.798458595913999,4115.539567787455,1.6665537138241817
235,20.71346485425177,0.6558835504592654,4.817621770736237,2917.088749185402,1.8250571581867832
236,18.747436874932877,0.7272599529193375,5.006662672294124,3431.363638926799,1.6634301771216538
237,28.355146810987726,0.619420982462208,4.653861974252898,4703.0565450870845,2.947609275243265
238,33.15489321580941,0.7469334282845803,5.260249096115649,8444.319333518688,4.096800660393288
239,36.04895327435584,0.5216652242807154,4.929637147916641,2978.861960844892,3.2081985688549812
240,30.687636054748214,0.6598326188986349,5.027454194841809,6053.641620552042,3.4255376072524526
241,33.02666825597759,0.690319342552506,4.963947734599458,7316.557384673697,3.8082139888086357
242,24.128147296480023,0.7417995621117892,5.243095252840904,6217.825066236056,2.974678062886548
243,39.841650759729674,0.6042423422479304,4.936101254075101,5888.864904877046,3.890238343567955
244,14.733479464020022,0.6697782531627239,5.2874428518274605,1623.2327041795797,0.9256665888039167
245,33.720651534546015,0.6103248096958567,4.776550863876385,5391.941847310351,3.462314326239097
246,25.460317813794394,0.5796344161504724,4.710174551457102,2746.562882445457,2.3499671826075565
247,25.118180673107325,0.7176127205948788,4.920437743922145,6228.751042228569,3.0120335185502234
248,21.32020921676862,0.7213103851075169,4.748119949947652,4957.8674131682355,2.3106973072753507
249,16.729510554613963,0.6212008671416516,5.029317179306763,935.6935391241032,0.615215811631003
250,27.57227205274991,0.6013027863549537,5.316169034430598,3526.138923902325,2.7503002527488998
251,26.756785936529553,0.6045345204316436,5.431992898982391,3338.996243274524,2.655822661979203
252,17.95049938132403,0.6983566729991642,5.3054571880654615,1938.9997329466942,1.241821049068984
253,36.81414947360561,0.52065100955754,4.534521904832926,3261.4810240260845,3.2602952345690945
254,34.511408522678806,0.636005393349919,4.945650538778907,6118.054312294862,3.6619630936628056
255,39.877666335114675,0.7322638776001152,5.306961281309759,8921.085127561786,4.549469500180173
256,30.98131974829841,0.620782695912647,4.679821734432027,5291.04124844868,3.256405120683974
257,26.46001779186597,0.5537117931384512,5.402721634313135,2064.590619842957,2.3871557118427083
258,26.463950719277516,0.6075938399587194,5.419856077060511,3350.499079595328,2.630102337422184
259,39.083904806907626,0.6842911357293519,4.565241031734743,8301.430389980014,4.2545037781678055
260,13.901180366366924,0.674657483122036,4.54654828982446,2210.4645853832994,1.1808634416344717
261,32.753526467789364,0.6683996550800502,4.764415472276545,6867.20239587319,3.672397490550364
262,39.48557068560341,0.6448299700971003,4.838048467662594,7078.298071535031,4.078917617671484
263,37.21456154372667,0.7664332584079301,5.008886007161439,9631.769975388583,4.524344242863253
264,14.050734840895961,0.6022272458794486,5.338539580022902,4011.609848071439,1.5486581141625482
265,20.050524406657992,0.7342448042395928,4.878153923434093,4500.807584857327,2.070578189180009
266,30.850611311490088,0.6021376429780938,4.804064942353133,4622.986304169369,3.1450018828905386
267,31.504304899754356,0.7558196907725554,5.4240441081905715,8236.011749060424,3.981491747756892
268,13.149004670758385,0.6312839317167703,4.612879469550498,3993.0415124744973,1.6721813073594816
269,16.53794632606327,0.7174236581400979,4.60160678132797,1965.502624870187,0.7242283586563508
270,13.4807324926456,0.5443366652029022,4.694314463590909,5718.459755894425,2.144674106199638
271,21.431562559469068,0.5216787681483378,4.904339457558912,1854.3389036054086,1.7335965290231836
272,32.62490229680811,0.6711573799356295,5.115409402999731,6636.956086470708,3.6744148717202596
273,23.753012565479054,0.5376509207253966,5.133097329553986,1516.570765396149,2.012259760883265
274,21.852304686741657,0.6332248026787498,5.008707956849502,2708.820461589361,1.9682218741797284
275,15.08273049390197,0.7607161379969236,4.554430506117239,1849.3917191515045,0.6440996129645112
276,31.253810807922644,0.739996489494596,5.212030883766812,8006.750468886406,3.8812930561428316
277,30.658315656836933,0.7007214504439183,4.626646752723995,7438.2275663703185,3.6283885506469553
278,37.95320175096185,0.581044579909043,5.467182347421981,4625.732261882286,3.6421002621264673
279,35.83241872757164,0.7527305022018707,5.443575024499655,8803.754041267724,4.352899952197872
280,24.715003586144363,0.5363760768242899,5.237388091110661,1619.5122560171217,2.1330308764063024
281,14.255694455215936,0.7652432187328804,4.9310841998473895,1224.8377153456784,0.8348242648071925
282,23.853891943355002,0.5476471996601177,5.315984500938504,1558.6955776757497,2.0336481466114553
283,12.839801718105235,0.6734512476959272,4.840972897220249,3698.1174147946476,1.5784892774411758
284,25.807657443829164,0.6496773814132873,5.017706094332315,4590.665259000391,2.7562937493075816
285,36.50477077436041,0.7279496701080712,5.459667275630155,8319.584759553947,4.2857666099401515
286,22.564326707443094,0.5497204703523051,5.013823759726641,1365.1099089756372,1.8559497451977582
287,36.112441573584235,0.6605782598204204,5.481560384733116,6598.668376655909,3.9176757082266676
288,38.719875499725525,0.6756667809518055,5.409246822950653,7356.964343106449,4.185521456083215
289,27.11646495410961,0.7730193336682685,5.4889331142377396,7633.11376358854,3.5635777011534646
290,23.76500923486701,0.7000127829881919,5.040676280902859,5220.34406811855,2.6897706689311427
291,17.526013419319874,0.7374189850386383,4.764565993588194,3027.5765996392124,1.299189262527955
292,36.70837619627635,0.5962154335371914,5.038766298073031,5207.83809543301,3.630459770205568
293,33.48840019758855,0.7675305577499124,5.170617069328758,9023.06246184502,4.224413209137448
294,35.67904216451935,0.7411795490158485,5.150767577129321,8766.192021725825,4.28515659651702
295,27.329633146187323,0.6527352883463241,4.815357382130082,5260.881350332636,2.9917267906162763
296,13.590734356646333,0.5434519833581744,4.842089530600455,5716.627198831489,2.1185041204826547
297,14.928458927778813,0.6602710979892662,4.514561433004304,1390.1981286563523,0.9076141357464619
298,20.70963270521199,0.6844648646325888,5.341515538970821,3257.575579737766,1.9696991357199274
299,24.05074559052031,0.5946263600607331,4.933321712209596,2571.662173277567,2.1971553411651574
300,39.15294282017077,0.6453142083912533,4.551905571321513,7289.2152913740365,4.059145227050262
301,32.95698226011509,0.5560069372137942,5.224016362188613,3364.6910227954427,3.1150520914058375
302,23.337974173537003,0.6819318656810166,5.057012486564965,4579.26784477004,2.5132868299921354
303,27.692703105781668,0.5679505123633796,4.799311531491308,2943.4444297902965,2.6011326359385887
304,30.1417344642696,0.6331450563426724,4.649558382249124,5502.0490089008645,3.231011264861282
305,31.856553127445178,0.7073432092188542,5.262491944651569,7301.952727900245,3.782385966634563
306,13.711469840306224,0.5252649484841265,4.83607756874066,6096.261882838607,2.230921707332992
307,20.33670287351818,0.7098778042617389,4.843269072923265,4090.3587145996207,2.0128524406011064
308,32.44913319077391,0.5367018162728251,5.342510056304127,2726.0737559392305,2.9747866451305987
309,34.233260954543525,0.6744423774751009,4.70448067379009,7309.692705430122,3.834955817496612
310,19.079148972956062,0.7410876248111772,4.999763160600366,3981.4238419300077,1.8384268813500395
311,17.49186077903962,0.6736967045174984,4.853460326243739,1382.9890163670739,0.9383554635489645
312,14.78106990569213,0.77930346684041,4.777961708292373,1745.8967681348404,0.7532509007348022
313,13.85735934711215,0.7186439367647577,5.125864703444946,1687.5021293938726,1.023414491842264
314,30.24193760393787,0.6025634981033422,4.761836310426508,4545.192953824801,3.081240587832569
315,33.616394695322356,0.6517941349510946,4.744465203664946,6576.845780248326,3.665862063454932
316,18.317695551244018,0.6211243281780172,4.842850198374964,796.666019968267,1.0754000150550052
317,22.084576162076274,0.5697364016013832,5.490472197730755,1406.514162134853,1.7991584917846752
318,19.626875970497007,0.6493899135909352,4.627489995649951,2327.207255849239,1.522338791365682
319,36.17935759689044,0.5286807341574357,4.8693765897143475,3222.1838576238642,3.250688200759573
320,38.08313657503924,0.7335462610239137,5.467770068588367,8628.021387171804,4.4310264940724
321,30.30984920012946,0.7428487020150494,4.824988744742922,8216.093157487976,3.796956359954033
322,39.25082793075997,0.6087576965123023,4.99910017014149,5908.80572765943,3.87505996733032
323,30.957347137084042,0.6305758745444225,4.95136576429355,5356.96698605644,3.304502562246263
324,36.62366024553907,0.7500717590968208,4.671873621612281,9491.07674030749,4.402216695835441
325,24.18243850893137,0.5311108004961996,4.723139948746585,1517.7952654974822,2.0635668822820517
326,28.330929581452168,0.7645272003654279,5.407648769994962,7805.419464804631,3.675383149806523
327,33.87367656140505,0.7725679484556328,4.681164811917206,9605.469787514405,4.28215895238467
328,30.05675143185405,0.5932641194080994,4.720802104647392,4261.621064367002,3.0115612176387785
329,27.88904874593665,0.5652179389488019,5.349047711089867,2624.4398904199,2.6133109572494178
330,17.97179725540087,0.6569380452606111,5.499264678600208,889.8701093855485,1.0500137549927284
331,23.692034626710942,0.6794825864911558,4.716937843666824,4921.789600550232,2.565295184062818
332,38.400204638279575,0.7183214436015348,5.20064011252923,8528.611707273887,4.37857057762556
333,17.07430328797609,0.5561652272686897,5.284842027353306,2800.2583669530163,1.0865976663584471
334,30.149564722679735,0.5531512709098889,4.969766217232708,2946.177651980538,2.8200078627559644
335,30.05036628006855,0.6295252933895973,5.233625810107789,4936.881833962321,3.2020620723745123
336,17.772403613969438,0.7793370866837928,4.550713290421362,4364.8143364994485,1.6256055142410868
337,33.54135871222569,0.7091019860257247,4.897264703991497,7918.536112668986,3.94800201501281
338,19.70301298232934,0.6733086809773177,4.945319910967431,2724.8442946608407,1.6562856112137394
339,19.14433084137438,0.6724103766321688,4.823466809018015,2472.243992898431,1.495877331290807
340,37.782291624136604,0.5468491278274166,5.037978974876093,3852.9843053076247,3.4578291586670873
341,39.015036717833596,0.591694716280052,5.46889437831303,5054.626162150589,3.769969692499975
342,21.12003931538512,0.7274348791594956,5.209560989059337,4630.9614642548195,2.2977347789656255
343,12.193549746908094,0.5299270076766485,5.107207170856017,7819.048697572113,2.6828912622179497
344,32.63869335337954,0.5684870955599397,4.880688089542437,3887.014659325782,3.148814617071653
345,35.29298157456123,0.5225077998552073,4.5816653460632395,3100.769652828508,3.1538342198928966
346,13.412989490076543,0.5597168895186806,5.135067946622193,5660.508687653618,2.048824410120836
347,28.78222666043836,0.5285571959313159,4.511039094000399,2310.2924771470857,2.582770834306218
348,36.683916459881914,0.7760233847015516,4.922015237755317,9846.352072696502,4.528549576785795
349,35.11924304698317,0.7287280361794934,4.501351578992064,8954.076567841681,4.179111987627245
350,31.188136483289334,0.5261773441119588,4.716430262973763,2547.5567157196856,2.814526754974639
351,39.59461139103156,0.652839535297892,4.96800982011114,7202.825307232214,4.12761463162946
352,22.961079294512793,0.7170315561886689,5.427284377516914,5035.256479651785,2.6315030019777788
353,26.42206349250202,0.6480597497083072,5.457067443109583,4411.287007607399,2.8391977014707206
354,36.66701754531243,0.7005497950870948,5.00804933740554,8054.312362551882,4.162334728297222
355,24.707706384738948,0.694569488308338,4.915799783646031,5514.498852949147,2.823481002199322
356,14.463577927015756,0.7132758728454967,5.3099466794187995,1102.2935316757269,0.8414741064715766
357,31.844889237249106,0.748666024845299,5.274021519515902,8257.318814834049,3.9813031015198654
358,25.30104127119155,0.7112198364151006,4.833007667368196,6199.894042904816,3.0073460195343333
359,18.229831450198834,0.5913930537969928,5.397899318177039,1258.7619197939157,1.0672032107711646
360,31.95244023923888,0.5235297975330537,5.342802376124979,2377.8868162424023,2.8761572154644077
361,38.590360973748915,0.5213162503541762,5.481713374715577,3010.369054994418,3.3874383400905423
362,32.70351381575803,0.6125226892985701,5.084238939064666,5058.8251897138125,3.3824917892513455
363,25.364671722323344,0.5369132177235807,4.915250674956392,1701.4373021123702,2.2136934820869762
364,23.768891440255516,0.7533082898923554,4.579393074611902,6913.165944371912,2.971285599055295
365,26.456048514073917,0.5583168448786222,4.905399896026734,2335.7602777035104,2.4022042073712018
366,37.99410131178245,0.6178877712381521,5.2294927126145545,5856.131641749482,3.8365224837956653
367,30.02215937016171,0.5378745314397061,4.686572931445008,2668.7511125611372,2.7408633353136254
368,14.909901499132271,0.6982313887924654,4.6537955829808135,981.5401548586026,0.7348206835822253
369,34.90990190737109,0.5487400246299377,5.4235625224289095,3341.192786624757,3.248854449008522
370,25.59668218301175,0.5300442885465355,4.789235559664104,1687.9473706996926,2.2326548203761307
371,25.08826449833534,0.7319645755758164,5.264624713615508,6291.21500770061,3.0811494120996574
372,16.331859490378665,0.5834730740871245,4.962353435737028,2227.0984769892125,0.9822390970875292
373,34.57096644467066,0.5653400645638412,5.453837501256484,3744.396454842291,3.305025986737189
374,14.108029854570773,0.6365447430921688,4.9937640878862375,2903.303618904072,1.3140387992375295
375,34.06662084544935,0.6550326179592777,5.063704141108718,6480.512912609225,3.721747488060201
376,35.34586054984509,0.5835987305818446,5.4199537393447335,4398.305774072226,3.4614741731863305
377,20.257560823108232,0.7083489866723564,5.391025965687628,3575.8395711312637,1.9845342291243453
378,13.496031585907021,0.5814572730439729,5.390049145595966,5179.872069131948,1.8659939437216455
379,13.370767861765817,0.7456953473846069,5.346090357618172,1997.0520576891834,1.1140272452622464
380,31.33352307636373,0.5211802852925654,4.7211033622891465,2447.15511811706,2.8121388748949303
381,25.166446330107014,0.6285223834694043,4.854276804175183,3927.9866320458377,2.5432171325904362
382,13.68932409914123,0.7120013826443847,4.849993852442574,1940.7416355714226,1.1017879032873896
383,13.072558135547707,0.6856910556423975,5.471352214450798,3450.2839630008493,1.430963782082104
384,28.54953765247721,0.6498440113980404,4.59091042897192,5666.80339366777,3.1336033322773544
385,12.920043784157855,0.5364073759466798,5.094590666478713,6794.451139809396,2.38281800549765
386,28.701333719597393,0.6868688834279373,5.056149626420139,6319.895126193782,3.3417115048874
387,12.201422213694263,0.6093907905825203,5.08672079893002,5969.821228038213,2.168511920382965
388,26.95684056311002,0.6891684797543803,5.22657637346206,5810.350331676926,3.1333593752607567
389,20.305371421298844,0.7032157658793934,5.4170684416565935,3456.738567659805,1.969197931191153
390,15.638529252933447,0.7004505872226906,4.5419879223022654,1094.8106226963585,0.36614300898584334
391,26.298366868491154,0.6048274150055093,4.622895214532897,3766.2678183013295,2.5920723315649266
392,29.55815287494355,0.7214487609586595,5.42974485120289,7069.939356170828,3.611613756473017
393,24.304296069899973,0.5590067944936425,5.0844541535966385,1762.1454309965218,2.1142118980748164
394,19.01492735155328,0.6755064889817497,5.043582210995339,2291.636013291404,1.4732231100398663
395,29.776001237709636,0.5383242208458798,4.878144419226026,2536.8018599660127,2.716835984093842
396,25.201945714651487,0.5973890530584497,4.766373751397483,3125.4474797268354,2.3920522919517038
397,29.11221498160458,0.6478240813782585,4.552161636228209,5772.590614794884,3.190588421408905
398,25.941353842128372,0.5325655846738256,4.712224829601511,1790.5817280612027,2.2763874945478357
399,30.615318630286392,0.7695238484948214,5.040357956139715,8690.925262324074,3.954577548386903
400,35.77444199849499,0.5914131119455512,5.157456948732094,4858.118397196195,3.5346970384141305
401,29.512075390250597,0.6502517690581842,4.7127142527175,5798.14668140768,3.2493347478876244
402,37.22235991895967,0.742235479315402,5.224614447330116,8921.832154270083,4.409992029827123
403,35.26189299125399,0.7158621811226997,4.559333236731409,8618.23901152209,4.127686135506858
404,34.8334269152072,0.6428372556240727,4.592039035279379,6638.9910526857375,3.7240089314520586
405,18.72706143316208,0.7423612269546785,4.719235939168457,4027.962034866041,1.7392036753530755
406,38.4492028322465,0.5345709385937498,4.811121126692976,3696.219348669473,3.4426180883027726
407,16.869665507424717,0.6930924900558906,5.167832607093217,1091.854431774696,0.7526185820590506
408,38.63786781107077,0.6294863120918993,4.549764242607347,6790.4796394393925,3.9418166916256867
409,38.17221199313899,0.764349630017751,4.759033808561086,9910.108131152896,4.584731531049591
410,29.01154373661856,0.7281284468246347,5.256464176902666,7248.131070271318,3.58211693130022
411,35.554628894592085,0.6936521239126555,4.724722946500479,7972.794068206991,4.041076815431351
412,27.62397680042675,0.5439080229570601,4.7172176303404605,2342.4505775034218,2.4978420745415795
413,13.641240166532729,0.7686123338856451,5.329119314168089,1427.3750713984953,0.9842608120246599
414,15.076506245193496,0.686007574702089,4.979781559591104,850.149869861876,0.7193885785531803
415,19.234490580731038,0.7622431557314924,5.310105411698283,4316.120597973512,1.9972890632046987
416,12.682129797771239,0.6549779094645999,5.174129161715907,4423.814511953657,1.729947849422397
417,13.248147701162459,0.6943066824935833,5.357650854956922,2986.13814010879,1.3272412598350047
418,34.332408705133844,0.607430842325276,4.799923312568762,5383.890578611145,3.4998849602505167
419,38.918297048617966,0.5677047315500674,5.275502337568511,4461.951093313503,3.6395100256787143
420,14.75521511625336,0.743689883953137,5.290858210211034,709.279435175547,0.7074337974469922
421,30.613406372187,0.6323411305663408,4.788887820435509,5464.867479804581,3.2776556799095635
422,20.428498953660053,0.660947819410104,4.508812319727044,3163.81091637766,1.7813012687101222
423,17.24819805256023,0.5544341799111036,4.878833170481993,2444.697499946672,1.102412493854748
424,19.311016234099974,0.6673929870308827,5.140804571988498,2194.0989235046272,1.5191854203524382
425,28.88858908114828,0.5827631259054015,5.229323001312487,3366.799158693423,2.82113734324495
426,24.70662461508797,0.697317862848722,5.004198045283083,5513.743161219042,2.8380632841511835
427,24.507931457941762,0.7675975222524738,5.47808143183389,6757.121793583415,3.166123058139429
428,35.95837687004264,0.6584916732860764,4.677573883947677,7153.986830960255,3.8949690710958524
429,20.394382594970416,0.7584648640802207,4.586399582406682,5517.295555077834,2.2887846672440944
430,25.424406006042272,0.681849482281125,4.655474550156069,5629.012917244142,2.870637845944171
431,39.196670204157634,0.5922701700639925,4.87089380047816,5512.405966783546,3.7850978789372056
432,13.33053970296752,0.5611284434181887,4.958204446626206,5601.705338755308,2.064689188285918
433,22.91844870952455,0.5704675610933703,4.782877358367129,1712.0611930277623,1.9327918699109532
434,22.609203941722946,0.6154116402754879,4.565703976959171,2874.6912451376597,2.035807084998206
435,30.989034951910103,0.7673181816586427,5.496545380970679,8337.031368961887,3.9831564013180207
436,34.02381147513073,0.678392947400869,4.508345098865209,7545.472501366974,3.8369159779851714
437,21.545682865887258,0.7063180667974867,4.518822486335866,4886.985477221754,2.2804148255346686
438,15.880452003243668,0.7071191518653778,5.484003309394987,314.02712101094176,0.1564006500959336
439,17.87547263467605,0.7637784545776118,5.012962781695255,3673.1331032632083,1.5764037622423714
440,21.35640288913746,0.7702186376370423,4.962843819648596,5956.266881173842,2.5790185690593153
441,19.254505483591576,0.7218393536999955,5.375757237959999,3329.496613504125,1.7855201906959601
442,28.110489643361646,0.6313503030606814,4.949123144688886,4758.577896956472,2.980213126279804
443,39.400559227463624,0.7761393312034607,5.458161246090246,9699.621942093749,4.724285005597246
444,27.001613339061805,0.534943005743412,5.338612593499155,1894.6337324866663,2.40336750046509
445,25.907619166405986,0.7122788087630485,4.9601229219429195,6308.519073445203,3.104512993133985
446,37.526252931483384,0.5748880514501195,5.382198952728631,4447.810653266874,3.580605042653955
447,32.86475241115681,0.7035796286627012,4.773149006836999,7778.852075142378,3.859446969964701
448,15.593363559839032,0.739636953124468,4.673484622913447,1660.6589179494983,0.42629124092953713
449,37.229070692670106,0.5710705729686313,4.885543287684973,4626.109320904362,3.5401370005882313
450,17.904478662109746,0.6444438419490774,5.125712036528781,783.3693726253297,0.9860604069645327
451,37.076100927132714,0.6909537917546476,5.20407851642948,7709.73182076808,4.144997783428809
452,24.531314068124168,0.6561008046235662,5.122136570735854,4278.094541146408,2.5858952063832668
453,13.316794137601317,0.5232449658968101,4.957162960241922,6632.625797152694,2.36233986193447
454,27.160614372402627,0.5778015792545902,5.117876027342216,2896.0989740015807,2.5781225617994528
455,19.56311300866442,0.5705257635969192,4.698024326783803,1037.319749410868,1.365959436881565
456,37.809877458690494,0.6448541906903718,4.8422002015874215,6884.742187213293,3.96343708840573
457,35.30817274890991,0.7532078264376512,4.595666909104347,9457.528698260536,4.312798441804379
458,36.95757677702869,0.7291996130745386,5.143703666450361,8660.166953602897,4.326523341397012
459,36.551683842686884,0.7183736752954049,5.075259619350478,8413.594492490534,4.242194573639977
460,16.790176697705036,0.5976514409658313,4.564521965691925,1307.0304841319262,0.7590754361894292
461,32.80827570042128,0.6653181762500815,4.969773607422188,6628.911707033241,3.661810265698708
462,30.848369058274706,0.5830812251041124,5.186842859012305,3799.2888196955437,3.044754994196107
463,33.34267359984511,0.6655418588119407,5.166729285968835,6567.136312802866,3.7116377318305855
464,35.87262082021927,0.6742089088460247,4.696944547985771,7542.244743507274,3.968377622319538
465,34.89804286307556,0.7001514003084345,5.290744070961238,7581.410866700149,4.02004343526105
466,19.45775639249339,0.6897670885664713,5.331201528334176,2702.6685166826464,1.6728887441745017
467,25.152147969283625,0.7465584132595362,5.23890787111247,6677.277329228066,3.164105716702543
468,31.586779476049625,0.6570995332719155,5.469099249264913,5818.3108050861065,3.5030689611617283
469,14.034149048851335,0.5657647992145001,5.068690443166344,4800.614639438237,1.8152712191263625
470,19.557896836218273,0.6877040219862376,5.134129862766128,2857.8284350507665,1.6900338056376123
471,17.552586836534726,0.6194418375918618,4.82206439119392,608.115993771716,0.8558389778481612
472,13.602894650764927,0.5780499503220434,4.854320997790229,4802.2246574141955,1.8557385203989631
473,38.82074432362879,0.6503638788203349,5.307022381316709,6787.727461999191,4.062683263421171
474,14.874486029095348,0.725013797472823,4.971423765353695,811.2848772702044,0.6775757988669431
475,18.378872894955038,0.5942553440053153,4.890931626944007,847.8177245608156,1.0964974327851564
476,35.57000444354898,0.7615317372542567,5.201105140237053,9160.664148171349,4.373531331925736
477,35.07165685965899,0.6774378664428657,4.86207902844781,7379.697398811388,3.920390473182092
478,31.720805371880946,0.6393892146743119,5.26347073958423,5513.658430014739,3.42597403706383
479,20.346221229330112,0.5773539556674235,4.837193599617304,1067.43497721148,1.5063040209579799
480,23.311265892230693,0.6754397473127485,4.946598724468324,4484.848472032739,2.4731773194750177
481,38.769959405157636,0.7220224444365029,5.323274217036827,8556.254857023765,4.423066007408607
482,15.958905095495094,0.6747540150900789,4.7666238932805385,602.3047078118614,0.2586173413394591
483,30.350747527696278,0.6911050849518758,4.51996491098352,7224.007842037174,3.5479272690562182
484,19.076144804449456,0.5523377454138755,4.91283444122418,1655.0628799647902,1.3235624061266202
485,38.35353192440901,0.773592524255995,4.633987869683459,10235.926149624873,4.640319105882518
486,27.097111722136095,0.5581608266014493,5.386074177567391,2283.020104025072,2.4837381387871718
487,36.59029340958007,0.6734094250005568,5.053476358935148,7324.668868774766,4.0198289517583214
488,38.348944386228695,0.7536912833054661,5.456262113696651,9113.846798871078,4.547235123810761
489,34.008284013322786,0.7255042963189724,5.462337580480066,7921.834269553973,4.06938575939719
490,17.181003119368352,0.7419221630208843,5.480381900940506,2246.7477168137148,1.1854255416497554
491,16.50185133419776,0.7377039603456962,4.897243314651245,2103.5560307578785,0.8395443560365395
492,20.35466365931509,0.6240802957246214,4.580198818768117,2094.750903366081,1.5989289332919416
493,38.50272169129406,0.645024615830146,5.216476317027022,6677.27589469202,4.013155366887651
494,18.365529480662417,0.725704040592391,4.91311806277448,3217.741425930487,1.5333257151878745
495,14.690622507959368,0.7447686247099186,4.843405294067979,1111.967021394309,0.7251267925042371
496,26.663074741116652,0.7364651204993469,5.346448025982593,6799.603925161757,3.330465538095397
497,21.024471596743844,0.6288312815301368,4.863645020124659,2321.811774229047,1.7710550267010639
498,20.152650265353127,0.7008155362772861,5.1239821678344795,3534.6681200807107,1.9173742322623717
499,31.968730641922697,0.7527015390659044,4.614543115200073,8923.824776727175,4.012512648691936
